Name,Area (ABD) (µm²),Area (Filled) (µm²),Aspect Ratio,Average Blue,Average Green,Average Red,Biovolume (Cylinder) (µm³),Biovolume (P. Spheroid) (µm³),Biovolume (Sphere) (µm³),Calibration Factor,Calibration Image,Capture ID,Capture X (px),Capture Y (px),Ch1 Area,Ch1 Peak,Ch1 Width,Ch2 Area,Ch2 Peak,Ch2 Width,Ch2/Ch1 Ratio,Circle Fit,Circularity,Circularity (Hu),Compactness,Convex Perimeter (µm),Convexity,Date,Diameter (ABD) (µm),Diameter (ESD) (µm),Diameter (FD) (µm),Edge Gradient,Elapsed Time (s),Elongation,Feret Angle Max (°),Feret Angle Min (°),Fiber Curl,Fiber Straightness,Filter Score,Geodesic Aspect Ratio,Geodesic Length (µm),Geodesic Thickness (µm),Group ID,Image Height (px),Image Width (px),Intensity,Length (µm),Particles Per Chain,Perimeter (µm),Ratio Blue/Green,Ratio Red/Blue,Ratio Red/Green,Roughness,Sigma Intensity,Source Image,Sphere Complement (µm³),Sphere Count,Sphere Unknown (µm³),Sphere Volume (µm³),Sqrt Circularity,Sum Intensity,Symmetry,Time,Timestamp,Transparency,UUID,Volume (ABD) (µm³),Volume (ESD) (µm³),Width (µm)
2024-10-30 P2328 Group 2 Rev 2 R01 PP1,5303.73,5303.73,0.69,0.00,0.00,0.00,376069.58,246301.82,290560.30,1.83,1.00,1.00,523.00,755.00,0.00,0.00,0.00,0.00,0.00,0.00,0.00,0.63,0.82,0.91,1.21,287.78,1.00,2024-10-30 11:39:22,82.18,87.92,82.18,172.42,2.81,1.00,-60.00,45.00,0.00,1.32,0.00,1.00,78.23,78.23,1,66.00,59.00,33.06,103.49,1.00,312.93,0.00,0.00,0.00,1.09,39.50,42904,0.00,0.00,0.00,0.00,0.91,63286.00,0.65,2024-10-30 11:39:22,2024-10-30 11:39:22,0.07,26C2682696D511EF937150EBF6EE7050,290560.30,355806.80,72.35
2024-10-30 P2328 Group 2 Rev 2 R01 PP1,868.17,868.17,0.80,0.00,0.00,0.00,33341.81,17429.85,19242.78,1.83,2.00,2.00,557.00,449.00,0.00,0.00,0.00,0.00,0.00,0.00,0.00,0.79,0.87,0.95,1.15,124.18,1.00,2024-10-30 11:39:22,33.25,35.82,33.25,245.92,2.89,1.00,15.00,-70.00,0.00,1.23,0.00,1.00,34.88,34.88,2,32.00,36.00,33.93,43.04,1.00,139.54,0.00,0.00,0.00,1.12,41.71,42905,0.00,0.00,0.00,0.00,0.93,13674.00,0.78,2024-10-30 11:39:22,2024-10-30 11:39:22,0.07,26C26B3396D511EF937150EBF6EE7050,19242.78,24060.30,30.22
2024-10-30 P2328 Group 2 Rev 2 R01 PP1,1526.30,1526.30,0.96,0.00,0.00,0.00,58412.56,43875.94,44856.52,1.83,3.00,3.00,889.00,565.00,0.00,0.00,0.00,0.00,0.00,0.00,0.00,0.95,0.95,1.00,1.05,153.71,1.00,2024-10-30 11:39:22,44.08,45.03,44.08,238.97,2.89,1.00,-80.00,0.00,0.00,1.11,0.00,1.00,42.05,42.05,3,39.00,38.00,30.59,46.71,1.00,168.22,0.00,0.00,0.00,1.09,39.22,42905,0.00,0.00,0.00,0.00,0.98,19610.00,0.95,2024-10-30 11:39:22,2024-10-30 11:39:22,0.02,26C26D6296D511EF937150EBF6EE7050,44856.52,47798.34,43.04
2024-10-30 P2328 Group 2 Rev 2 R01 PP1,4522.98,4522.98,0.98,0.00,0.00,0.00,261148.86,227061.35,228823.91,1.83,4.00,4.00,298.00,1315.00,0.00,0.00,0.00,0.00,0.00,0.00,0.00,0.94,0.91,1.00,1.10,256.63,1.00,2024-10-30 11:39:22,75.89,77.84,75.89,194.11,3.06,1.00,-30.00,0.00,0.00,1.18,0.00,1.00,69.28,69.28,4,57.00,55.00,28.37,81.51,1.00,277.11,0.00,0.00,0.00,1.08,34.93,42906,0.00,0.00,0.00,0.00,0.95,47012.00,0.91,2024-10-30 11:39:22,2024-10-30 11:39:22,0.03,26C26F8C96D511EF937150EBF6EE7050,228823.91,246977.46,74.18
2024-10-30 P2328 Group 2 Rev 2 R01 PP1,1894.02,1894.02,0.98,0.00,0.00,0.00,76928.93,61242.82,62007.15,1.83,5.00,5.00,614.00,598.00,0.00,0.00,0.00,0.00,0.00,0.00,0.00,0.96,0.95,1.00,1.05,169.40,1.00,2024-10-30 11:39:22,49.11,50.27,49.11,229.57,3.81,1.00,-65.00,0.00,0.00,1.13,0.00,1.00,46.10,46.10,5,41.00,41.00,33.09,52.20,1.00,184.39,0.00,0.00,0.00,1.09,39.57,42907,0.00,0.00,0.00,0.00,0.98,25478.00,0.92,2024-10-30 11:39:22,2024-10-30 11:39:22,0.02,26C271A796D511EF937150EBF6EE7050,62007.15,66504.93,48.54
2024-10-30 P2328 Group 2 Rev 2 R01 PP1,1957.30,1957.30,1.00,0.00,0.00,0.00,82185.63,65041.70,65140.10,1.83,6.00,6.00,789.00,161.00,0.00,0.00,0.00,0.00,0.00,0.00,0.00,0.96,0.94,1.00,1.06,171.94,1.00,2024-10-30 11:39:22,49.92,50.88,49.92,255.00,4.48,1.00,10.00,0.00,0.00,1.11,0.00,1.00,47.12,47.12,6,42.00,42.00,21.49,52.20,1.00,188.49,0.00,0.00,0.00,1.10,33.23,42908,0.00,0.00,0.00,0.00,0.97,17022.00,0.95,2024-10-30 11:39:22,2024-10-30 11:39:22,0.02,26C273B696D511EF937150EBF6EE7050,65140.10,68957.74,50.37
2024-10-30 P2328 Group 2 Rev 2 R01 PP1,3072.06,3072.06,0.97,0.00,0.00,0.00,148683.55,125984.40,128087.98,1.83,7.00,7.00,408.00,341.00,0.00,0.00,0.00,0.00,0.00,0.00,0.00,0.95,0.94,1.00,1.07,212.16,1.00,2024-10-30 11:39:22,62.54,63.65,62.54,242.56,5.14,1.00,5.00,-90.00,0.00,1.13,0.00,1.00,57.42,57.42,7,48.00,49.00,26.82,65.02,1.00,229.68,0.00,0.00,0.00,1.08,36.58,42909,0.00,0.00,0.00,0.00,0.97,31463.00,0.92,2024-10-30 11:39:22,2024-10-30 11:39:22,0.02,26C275C396D511EF937150EBF6EE7050,128087.98,135006.59,61.36
2024-10-30 P2328 Group 2 Rev 2 R01 PP1,2870.90,2870.90,0.98,0.00,0.00,0.00,137684.85,114696.65,115715.11,1.83,8.00,8.00,756.00,698.00,0.00,0.00,0.00,0.00,0.00,0.00,0.00,0.96,0.93,1.00,1.08,205.64,1.00,2024-10-30 11:39:22,60.46,61.61,60.46,154.72,5.23,1.00,20.00,45.00,0.00,1.13,0.00,1.00,55.97,55.97,8,48.00,48.00,40.90,63.19,1.00,223.87,0.00,0.00,0.00,1.09,42.95,42910,0.00,0.00,0.00,0.00,0.96,45191.00,0.94,2024-10-30 11:39:22,2024-10-30 11:39:22,0.02,26C277DC96D511EF937150EBF6EE7050,115715.11,122465.98,59.53
2024-10-30 P2328 Group 2 Rev 2 R01 PP1,2500.44,2500.44,0.99,0.00,0.00,0.00,115144.34,93581.83,94056.58,1.83,10.00,10.00,825.00,268.00,0.00,0.00,0.00,0.00,0.00,0.00,0.00,0.96,0.93,1.00,1.08,192.94,1.00,2024-10-30 11:39:22,56.42,57.64,56.42,140.28,7.39,1.00,40.00,-90.00,0.00,1.13,0.00,1.00,52.73,52.73,9,45.00,46.00,45.65,59.53,1.00,210.92,0.00,0.00,0.00,1.09,44.49,42911,0.00,0.00,0.00,0.00,0.96,44691.00,0.96,2024-10-30 11:39:22,2024-10-30 11:39:22,0.02,26C27C0396D511EF937150EBF6EE7050,94056.58,100293.49,55.86
2024-10-30 P2328 Group 2 Rev 2 R01 PP1,6843.24,6843.24,0.99,0.00,0.00,0.00,493845.97,424684.33,425849.39,1.83,11.00,11.00,312.00,866.00,0.00,0.00,0.00,0.00,0.00,0.00,0.00,0.92,0.87,1.00,1.15,312.52,1.00,2024-10-30 11:39:22,93.34,95.70,93.34,239.64,7.64,1.00,30.00,55.00,0.00,1.17,0.00,1.00,85.67,85.67,10,66.00,66.00,21.88,99.82,1.00,342.68,0.00,0.00,0.00,1.10,31.76,42912,0.00,0.00,0.00,0.00,0.93,52871.00,0.91,2024-10-30 11:39:22,2024-10-30 11:39:22,0.02,26C27E1396D511EF937150EBF6EE7050,425849.39,458933.13,92.50
2024-10-30 P2328 Group 2 Rev 2 R01 PP1,1922.77,1922.77,0.98,0.00,0.00,0.00,78843.79,62677.60,63423.93,1.83,12.00,12.00,377.00,643.00,0.00,0.00,0.00,0.00,0.00,0.00,0.00,0.96,0.95,1.00,1.05,170.59,1.00,2024-10-30 11:39:22,49.48,50.57,49.48,229.57,7.73,1.00,20.00,0.00,0.00,1.12,0.00,1.00,46.48,46.48,11,42.00,41.00,33.87,52.20,1.00,185.90,0.00,0.00,0.00,1.09,39.70,42913,0.00,0.00,0.00,0.00,0.98,26422.00,0.96,2024-10-30 11:39:22,2024-10-30 11:39:22,0.02,26C2802F96D511EF937150EBF6EE7050,63423.93,67723.93,48.54
2024-10-30 P2328 Group 2 Rev 2 R01 PP1,5832.35,5832.35,0.98,0.00,0.00,0.00,370625.63,331505.30,335064.72,1.83,13.00,13.00,313.00,937.00,0.00,0.00,0.00,0.00,0.00,0.00,0.00,0.95,0.91,1.00,1.10,287.36,1.00,2024-10-30 11:39:22,86.17,87.51,86.17,241.92,8.56,1.00,-60.00,10.00,0.00,1.16,0.00,1.00,77.85,77.85,12,62.00,62.00,23.00,90.66,1.00,311.42,0.00,0.00,0.00,1.08,31.94,42914,0.00,0.00,0.00,0.00,0.95,48007.00,0.93,2024-10-30 11:39:22,2024-10-30 11:39:22,0.02,26C2824E96D511EF937150EBF6EE7050,335064.72,350887.88,85.17
2024-10-30 P2328 Group 2 Rev 2 R01 PP1,1187.66,1187.66,0.97,0.00,0.00,0.00,43134.77,30178.43,30789.46,1.83,14.00,14.00,693.00,1602.00,0.00,0.00,0.00,0.00,0.00,0.00,0.00,0.95,0.95,1.00,1.05,137.65,1.00,2024-10-30 11:39:22,38.89,39.94,38.89,208.11,9.14,1.00,-5.00,-90.00,0.00,1.13,0.00,1.00,38.01,38.01,13,35.00,37.00,38.30,43.04,1.00,152.05,0.00,0.00,0.00,1.10,38.71,42915,0.00,0.00,0.00,0.00,0.97,19917.00,0.94,2024-10-30 11:39:22,2024-10-30 11:39:22,0.03,26C2845E96D511EF937150EBF6EE7050,30789.46,33357.38,37.55
2024-10-30 P2328 Group 2 Rev 2 R01 PP1,5367.78,5367.78,0.91,0.00,0.00,0.00,348743.68,284632.59,295839.17,1.83,15.00,15.00,138.00,1154.00,0.00,0.00,0.00,0.00,0.00,0.00,0.00,0.85,0.88,0.99,1.14,280.14,1.00,2024-10-30 11:39:22,82.67,85.37,82.67,247.43,9.98,1.00,75.00,0.00,0.00,1.24,0.00,1.00,76.29,76.29,14,64.00,58.00,19.39,94.33,1.00,305.16,0.00,0.00,0.00,1.09,29.53,42916,0.00,0.00,0.00,0.00,0.94,37523.00,0.85,2024-10-30 11:39:22,2024-10-30 11:39:22,0.03,26C2866B96D511EF937150EBF6EE7050,295839.17,325805.86,79.67
2024-10-30 P2328 Group 2 Rev 2 R01 PP1,3527.40,3527.40,0.98,0.00,0.00,0.00,180955.10,155802.44,157596.42,1.83,16.00,16.00,577.00,486.00,0.00,0.00,0.00,0.00,0.00,0.00,0.00,0.96,0.93,1.00,1.08,226.35,1.00,2024-10-30 11:39:22,67.02,68.23,67.02,143.97,10.14,1.00,10.00,0.00,0.00,1.15,0.00,1.00,61.30,61.30,15,52.00,51.00,40.33,70.52,1.00,245.22,0.00,0.00,0.00,1.08,42.97,42917,0.00,0.00,0.00,0.00,0.96,53482.00,0.95,2024-10-30 11:39:22,2024-10-30 11:39:22,0.02,26C2887D96D511EF937150EBF6EE7050,157596.42,166291.23,66.85
2024-10-30 P2328 Group 2 Rev 2 R01 PP1,1486.78,1486.78,0.94,0.00,0.00,0.00,58876.76,41736.22,43125.34,1.83,17.00,17.00,227.00,1169.00,0.00,0.00,0.00,0.00,0.00,0.00,0.00,0.93,0.93,1.00,1.08,153.11,1.00,2024-10-30 11:39:22,43.51,44.87,43.51,253.90,11.39,1.00,55.00,0.00,0.00,1.15,0.00,1.00,42.16,42.16,16,40.00,38.00,22.99,48.54,1.00,168.66,0.00,0.00,0.00,1.10,30.33,42918,0.00,0.00,0.00,0.00,0.96,14417.00,0.94,2024-10-30 11:39:22,2024-10-30 11:39:22,0.03,26C28A9096D511EF937150EBF6EE7050,43125.34,47313.90,43.04
2024-10-30 P2328 Group 2 Rev 2 R01 PP1,2336.87,2336.87,0.97,0.00,0.00,0.00,105203.25,83736.21,84980.00,1.83,18.00,18.00,633.00,34.00,0.00,0.00,0.00,0.00,0.00,0.00,0.00,0.96,0.93,1.00,1.08,186.76,1.00,2024-10-30 11:39:22,54.55,55.46,54.55,136.07,11.48,1.00,10.00,-90.00,0.00,1.13,0.00,1.00,51.17,51.17,17,44.00,45.00,46.48,57.70,1.00,204.66,0.00,0.00,0.00,1.10,43.10,42919,0.00,0.00,0.00,0.00,0.96,42897.00,0.95,2024-10-30 11:39:22,2024-10-30 11:39:22,0.02,26C28DDE96D511EF937150EBF6EE7050,84980.00,89302.27,54.03
2024-10-30 P2328 Group 2 Rev 2 R01 PP1,3443.81,3443.81,0.97,0.00,0.00,0.00,188174.77,149461.83,152027.76,1.83,19.00,19.00,135.00,1436.00,0.00,0.00,0.00,0.00,0.00,0.00,0.00,0.93,0.89,1.00,1.13,225.89,1.00,2024-10-30 11:39:22,66.22,68.33,66.22,212.18,11.56,1.00,30.00,0.00,0.00,1.14,0.00,1.00,62.11,62.11,18,51.00,51.00,27.17,70.52,1.00,248.44,0.00,0.00,0.00,1.10,37.61,42920,0.00,0.00,0.00,0.00,0.94,35261.00,0.90,2024-10-30 11:39:22,2024-10-30 11:39:22,0.03,26C28FE496D511EF937150EBF6EE7050,152027.76,167036.38,66.85
2024-10-30 P2328 Group 2 Rev 2 R01 PP1,3539.35,3539.35,0.83,0.00,0.00,0.00,206390.47,144341.62,158397.98,1.83,20.00,20.00,474.00,1382.00,0.00,0.00,0.00,0.00,0.00,0.00,0.00,0.80,0.85,0.97,1.17,232.97,1.00,2024-10-30 11:39:22,67.13,70.36,67.13,171.49,11.73,1.00,-15.00,-80.00,0.00,1.22,0.00,1.00,64.05,64.05,19,50.00,56.00,35.20,77.84,1.00,256.21,0.00,0.00,0.00,1.10,38.48,42921,0.00,0.00,0.00,0.00,0.92,46820.00,0.84,2024-10-30 11:39:22,2024-10-30 11:39:22,0.05,26C291FC96D511EF937150EBF6EE7050,158397.98,182410.39,61.36
2024-10-30 P2328 Group 2 Rev 2 R01 PP1,2322.31,2322.31,0.97,0.00,0.00,0.00,103557.35,82972.66,84186.55,1.83,21.00,21.00,691.00,1674.00,0.00,0.00,0.00,0.00,0.00,0.00,0.00,0.93,0.93,1.00,1.07,187.26,1.00,2024-10-30 11:39:22,54.38,55.76,54.38,197.19,12.48,1.00,60.00,-45.00,0.00,1.17,0.00,1.00,50.90,50.90,20,45.00,44.00,34.54,59.53,1.00,203.59,0.00,0.00,0.00,1.09,37.70,42922,0.00,0.00,0.00,0.00,0.97,31711.00,0.89,2024-10-30 11:39:22,2024-10-30 11:39:22,0.02,26C2940396D511EF937150EBF6EE7050,84186.55,90785.12,52.20
2024-10-30 P2328 Group 2 Rev 2 R01 PP1,1960.18,1960.18,0.98,0.00,0.00,0.00,85620.60,64557.66,65283.90,1.83,22.00,22.00,630.00,406.00,0.00,0.00,0.00,0.00,0.00,0.00,0.00,0.96,0.92,1.00,1.09,172.68,1.00,2024-10-30 11:39:22,49.96,51.34,49.96,236.45,12.98,1.00,-90.00,0.00,0.00,1.09,0.00,1.00,47.77,47.77,21,43.00,42.00,32.27,52.20,1.00,191.08,0.00,0.00,0.00,1.11,39.70,42923,0.00,0.00,0.00,0.00,0.96,25590.00,0.92,2024-10-30 11:39:22,2024-10-30 11:39:22,0.03,26C2960F96D511EF937150EBF6EE7050,65283.90,70836.41,50.37
2024-10-30 P2328 Group 2 Rev 2 R01 PP1,2290.27,2290.27,0.92,0.00,0.00,0.00,103557.35,78444.51,82450.85,1.83,23.00,23.00,133.00,338.00,0.00,0.00,0.00,0.00,0.00,0.00,0.00,0.92,0.92,1.00,1.08,186.44,1.00,2024-10-30 11:39:22,54.00,55.61,54.00,255.00,13.06,1.00,-25.00,-90.00,0.00,1.17,0.00,1.00,50.90,50.90,22,43.00,46.00,20.10,59.53,1.00,203.59,0.00,0.00,0.00,1.09,30.24,42924,0.00,0.00,0.00,0.00,0.96,18231.00,0.93,2024-10-30 11:39:22,2024-10-30 11:39:22,0.03,26C2981496D511EF937150EBF6EE7050,82450.85,90041.66,52.20
2024-10-30 P2328 Group 2 Rev 2 R01 PP1,8960.19,8960.19,0.94,0.00,0.00,0.00,745770.89,621565.25,638027.49,1.83,24.00,24.00,609.00,1410.00,0.00,0.00,0.00,0.00,0.00,0.00,0.00,0.87,0.85,0.99,1.18,357.21,1.00,2024-10-30 11:39:22,106.81,109.90,106.81,190.99,13.64,1.00,-85.00,-35.00,0.00,1.18,0.00,1.00,98.29,98.29,23,77.00,72.00,24.61,116.31,1.00,393.16,0.00,0.00,0.00,1.10,33.66,42925,0.00,0.00,0.00,0.00,0.92,76268.00,0.85,2024-10-30 11:39:22,2024-10-30 11:39:22,0.03,26C29A2F96D511EF937150EBF6EE7050,638027.49,694935.15,103.49
2024-10-30 P2328 Group 2 Rev 2 R01 PP1,2956.59,2956.59,0.97,0.00,0.00,0.00,160252.92,118879.73,120934.45,1.83,25.00,25.00,236.00,793.00,0.00,0.00,0.00,0.00,0.00,0.00,0.00,0.91,0.86,1.00,1.16,211.65,1.00,2024-10-30 11:39:22,61.36,63.60,61.36,213.60,14.81,1.00,-70.00,0.00,0.00,1.14,0.00,1.00,58.87,58.87,24,49.00,48.00,31.69,66.85,1.00,235.49,0.00,0.00,0.00,1.11,40.33,42926,0.00,0.00,0.00,0.00,0.93,35942.00,0.89,2024-10-30 11:39:22,2024-10-30 11:39:22,0.04,26C29C3696D511EF937150EBF6EE7050,120934.45,134683.09,61.36
2024-10-30 P2328 Group 2 Rev 2 R01 PP1,1546.10,1546.10,0.96,0.00,0.00,0.00,62797.00,44692.78,45731.95,1.83,26.00,26.00,229.00,848.00,0.00,0.00,0.00,0.00,0.00,0.00,0.00,0.93,0.92,1.00,1.09,156.43,1.00,2024-10-30 11:39:22,44.37,45.94,44.37,222.91,14.81,1.00,-65.00,40.00,0.00,1.17,0.00,1.00,43.08,43.08,25,39.00,39.00,37.01,50.37,1.00,172.32,0.00,0.00,0.00,1.10,40.61,42926,0.00,0.00,0.00,0.00,0.96,23981.00,0.91,2024-10-30 11:39:22,2024-10-30 11:39:22,0.03,26C29E4396D511EF937150EBF6EE7050,45731.95,50774.57,43.04
2024-10-30 P2328 Group 2 Rev 2 R01 PP1,3422.93,3422.93,0.82,0.00,0.00,0.00,190201.72,137027.69,150647.21,1.83,27.00,27.00,463.00,1225.00,0.00,0.00,0.00,0.00,0.00,0.00,0.00,0.79,0.88,0.97,1.14,228.72,1.00,2024-10-30 11:39:22,66.02,68.94,66.02,215.63,15.06,1.00,-85.00,20.00,0.00,1.25,0.00,1.00,62.33,62.33,26,56.00,49.00,30.57,77.84,1.00,249.33,0.00,0.00,0.00,1.09,35.68,42927,0.00,0.00,0.00,0.00,0.94,39469.00,0.81,2024-10-30 11:39:22,2024-10-30 11:39:22,0.04,26C2A04C96D511EF937150EBF6EE7050,150647.21,171554.02,61.36
2024-10-30 P2328 Group 2 Rev 2 R01 PP1,2029.37,2029.37,0.96,0.00,0.00,0.00,85620.60,67271.15,68771.15,1.83,28.00,28.00,135.00,787.00,0.00,0.00,0.00,0.00,0.00,0.00,0.00,0.94,0.94,1.00,1.06,175.23,1.00,2024-10-30 11:39:22,50.83,51.95,50.83,255.00,15.73,1.00,10.00,-90.00,0.00,1.13,0.00,1.00,47.77,47.77,27,42.00,43.00,19.37,54.03,1.00,191.08,0.00,0.00,0.00,1.09,28.25,42928,0.00,0.00,0.00,0.00,0.97,15826.00,0.92,2024-10-30 11:39:22,2024-10-30 11:39:22,0.02,26C2A26396D511EF937150EBF6EE7050,68771.15,73393.95,50.37
2024-10-30 P2328 Group 2 Rev 2 R01 PP1,3048.35,3048.35,1.00,0.00,0.00,0.00,146609.56,126409.22,126608.13,1.83,29.00,29.00,217.00,619.00,0.00,0.00,0.00,0.00,0.00,0.00,0.00,0.97,0.94,1.00,1.06,211.35,1.00,2024-10-30 11:39:22,62.30,63.39,62.30,239.03,16.31,1.00,30.00,-90.00,0.00,1.14,0.00,1.00,57.15,57.15,28,48.00,49.00,28.02,65.02,1.00,228.60,0.00,0.00,0.00,1.08,36.27,42929,0.00,0.00,0.00,0.00,0.97,32647.00,0.96,2024-10-30 11:39:22,2024-10-30 11:39:22,0.02,26C2A47496D511EF937150EBF6EE7050,126608.13,133394.26,61.36
2024-10-30 P2328 Group 2 Rev 2 R01 PP1,5416.60,5416.60,0.89,0.00,0.00,0.00,343567.38,282139.54,299884.31,1.83,30.00,30.00,577.00,749.00,0.00,0.00,0.00,0.00,0.00,0.00,0.00,0.89,0.89,0.99,1.12,278.83,1.00,2024-10-30 11:39:22,83.05,85.17,83.05,239.73,16.48,1.00,-75.00,25.00,0.00,1.19,0.00,1.00,75.91,75.91,29,61.00,59.00,22.71,90.66,1.00,303.65,0.00,0.00,0.00,1.09,33.18,42930,0.00,0.00,0.00,0.00,0.94,44310.00,0.93,2024-10-30 11:39:22,2024-10-30 11:39:22,0.02,26C2A67D96D511EF937150EBF6EE7050,299884.31,323481.45,79.67
2024-10-30 P2328 Group 2 Rev 2 R01 PP1,2380.62,2380.62,0.97,0.00,0.00,0.00,105890.08,85999.50,87377.16,1.83,31.00,31.00,400.00,1356.00,0.00,0.00,0.00,0.00,0.00,0.00,0.00,0.96,0.94,1.00,1.06,188.28,1.00,2024-10-30 11:39:22,55.06,56.32,55.06,182.64,17.39,1.00,-85.00,-50.00,0.00,1.13,0.00,1.00,51.28,51.28,30,45.00,45.00,36.23,57.70,1.00,205.11,0.00,0.00,0.00,1.09,38.09,42931,0.00,0.00,0.00,0.00,0.97,33987.00,0.96,2024-10-30 11:39:22,2024-10-30 11:39:22,0.02,26C2A88696D511EF937150EBF6EE7050,87377.16,93546.14,54.03
2024-10-30 P2328 Group 2 Rev 2 R01 PP1,2924.07,2924.07,0.99,0.00,0.00,0.00,139673.99,118288.00,118944.59,1.83,32.00,32.00,349.00,800.00,0.00,0.00,0.00,0.00,0.00,0.00,0.00,0.97,0.94,1.00,1.07,207.00,1.00,2024-10-30 11:39:22,61.02,62.07,61.02,158.01,18.73,1.00,10.00,45.00,0.00,1.12,0.00,1.00,56.24,56.24,31,48.00,48.00,41.33,63.19,1.00,224.94,0.00,0.00,0.00,1.09,42.62,42932,0.00,0.00,0.00,0.00,0.97,46410.00,0.94,2024-10-30 11:39:22,2024-10-30 11:39:22,0.02,26C2AAA096D511EF937150EBF6EE7050,118944.59,125216.78,59.53
2024-10-30 P2328 Group 2 Rev 2 R01 PP1,1742.23,1742.23,0.99,0.00,0.00,0.00,69884.67,54410.46,54704.37,1.83,33.00,33.00,289.00,759.00,0.00,0.00,0.00,0.00,0.00,0.00,0.00,0.95,0.95,1.00,1.06,163.47,1.00,2024-10-30 11:39:22,47.10,48.28,47.10,211.34,20.23,1.00,-80.00,0.00,0.00,1.13,0.00,1.00,44.64,44.64,32,41.00,40.00,37.73,50.37,1.00,178.58,0.00,0.00,0.00,1.09,41.71,42933,0.00,0.00,0.00,0.00,0.97,27051.00,0.95,2024-10-30 11:39:22,2024-10-30 11:39:22,0.02,26C2ACA996D511EF937150EBF6EE7050,54704.37,58936.14,46.71
2024-10-30 P2328 Group 2 Rev 2 R01 PP1,2322.31,2322.31,0.99,0.00,0.00,0.00,101259.15,83669.75,84186.55,1.83,34.00,34.00,931.00,159.00,0.00,0.00,0.00,0.00,0.00,0.00,0.00,0.96,0.95,1.00,1.06,186.28,1.00,2024-10-30 11:39:22,54.38,55.46,54.38,234.00,20.81,1.00,55.00,0.00,0.00,1.14,0.00,1.00,50.52,50.52,33,44.00,44.00,27.64,57.70,1.00,202.07,0.00,0.00,0.00,1.08,37.11,42934,0.00,0.00,0.00,0.00,0.97,25370.00,0.93,2024-10-30 11:39:22,2024-10-30 11:39:22,0.02,26C2AEB796D511EF937150EBF6EE7050,84186.55,89302.27,54.03
2024-10-30 P2328 Group 2 Rev 2 R01 PP1,1693.74,1693.74,0.96,0.00,0.00,0.00,66887.51,51164.11,52436.71,1.83,35.00,35.00,352.00,262.00,0.00,0.00,0.00,0.00,0.00,0.00,0.00,0.95,0.95,1.00,1.05,161.21,1.00,2024-10-30 11:39:22,46.44,47.47,46.44,232.23,20.89,1.00,10.00,30.00,0.00,1.10,0.00,1.00,44.00,44.00,34,40.00,40.00,34.71,48.54,1.00,175.99,0.00,0.00,0.00,1.09,41.09,42935,0.00,0.00,0.00,0.00,0.98,24300.00,0.94,2024-10-30 11:39:22,2024-10-30 11:39:22,0.02,26C2B0BB96D511EF937150EBF6EE7050,52436.71,56005.15,44.87
2024-10-30 P2328 Group 2 Rev 2 R01 PP1,1914.14,1914.14,0.93,0.00,0.00,0.00,80216.81,60285.08,62997.61,1.83,36.00,36.00,278.00,1853.00,0.00,0.00,0.00,0.00,0.00,0.00,0.00,0.93,0.94,1.00,1.07,170.89,1.00,2024-10-30 11:39:22,49.37,50.67,49.37,190.94,21.23,1.00,-35.00,-90.00,0.00,1.16,0.00,1.00,46.74,46.74,35,41.00,42.00,38.17,54.03,1.00,186.98,0.00,0.00,0.00,1.09,40.47,42936,0.00,0.00,0.00,0.00,0.97,29661.00,0.94,2024-10-30 11:39:22,2024-10-30 11:39:22,0.03,26C2B42496D511EF937150EBF6EE7050,62997.61,68133.55,48.54
2024-10-30 P2328 Group 2 Rev 2 R01 PP1,2797.15,2797.15,0.95,0.00,0.00,0.00,131830.93,108666.84,111285.01,1.83,37.00,37.00,271.00,1292.00,0.00,0.00,0.00,0.00,0.00,0.00,0.00,0.92,0.94,1.00,1.07,204.30,1.00,2024-10-30 11:39:22,59.68,61.31,59.68,180.55,21.64,1.00,-80.00,25.00,0.00,1.18,0.00,1.00,55.16,55.16,36,49.00,47.00,34.52,65.02,1.00,220.65,0.00,0.00,0.00,1.08,38.32,42937,0.00,0.00,0.00,0.00,0.97,37286.00,0.86,2024-10-30 11:39:22,2024-10-30 11:39:22,0.03,26C2B63796D511EF937150EBF6EE7050,111285.01,120654.68,57.70
2024-10-30 P2328 Group 2 Rev 2 R01 PP1,2237.93,2237.93,0.58,0.00,0.00,0.00,110348.85,59044.40,79640.17,1.83,38.00,38.00,455.00,1667.00,0.00,0.00,0.00,0.00,0.00,0.00,0.00,0.54,0.77,0.85,1.30,198.39,0.99,2024-10-30 11:39:22,53.38,59.48,53.38,180.85,22.31,1.34,-90.00,0.00,0.00,1.14,0.00,0.74,63.31,47.11,37,54.00,36.00,39.49,72.35,1.00,220.83,0.00,0.00,0.00,1.11,39.51,42938,0.00,0.00,0.00,0.00,0.88,35111.00,0.73,2024-10-30 11:39:22,2024-10-30 11:39:22,0.10,26C2B84196D511EF937150EBF6EE7050,79640.17,110160.67,39.38
2024-10-30 P2328 Group 2 Rev 2 R01 PP1,2220.49,2220.49,0.96,0.00,0.00,0.00,95851.46,77062.14,78711.48,1.83,39.00,39.00,160.00,1725.00,0.00,0.00,0.00,0.00,0.00,0.00,0.00,0.96,0.95,1.00,1.06,182.19,1.00,2024-10-30 11:39:22,53.17,54.39,53.17,200.04,22.48,1.00,5.00,-90.00,0.00,1.13,0.00,1.00,49.60,49.60,38,43.00,44.00,32.64,55.86,1.00,198.41,0.00,0.00,0.00,1.09,35.58,42939,0.00,0.00,0.00,0.00,0.97,28821.00,0.95,2024-10-30 11:39:22,2024-10-30 11:39:22,0.02,26C2BA5696D511EF937150EBF6EE7050,78711.48,84239.57,52.20
2024-10-30 P2328 Group 2 Rev 2 R01 PP1,4097.34,4097.34,0.97,0.00,0.00,0.00,221874.93,193841.59,197295.01,1.83,40.00,40.00,262.00,298.00,0.00,0.00,0.00,0.00,0.00,0.00,0.00,0.96,0.93,1.00,1.08,242.82,1.00,2024-10-30 11:39:22,72.23,73.47,72.23,250.58,23.48,1.00,50.00,0.00,0.00,1.16,0.00,1.00,65.62,65.62,39,54.00,54.00,23.16,76.01,1.00,262.46,0.00,0.00,0.00,1.08,33.10,42940,0.00,0.00,0.00,0.00,0.96,35107.00,0.94,2024-10-30 11:39:22,2024-10-30 11:39:22,0.02,26C2BC6496D511EF937150EBF6EE7050,197295.01,207627.37,72.35
2024-10-30 P2328 Group 2 Rev 2 R01 PP1,1009.01,1009.01,0.99,0.00,0.00,0.00,34903.80,23905.80,24110.51,1.83,41.00,41.00,653.00,1674.00,0.00,0.00,0.00,0.00,0.00,0.00,0.00,0.96,0.96,1.00,1.05,127.68,1.00,2024-10-30 11:39:22,35.84,36.84,35.84,213.39,23.73,1.00,10.00,0.00,0.00,1.06,0.00,1.00,35.42,35.42,40,34.00,34.00,40.13,37.55,1.00,141.68,0.00,0.00,0.00,1.11,40.47,42941,0.00,0.00,0.00,0.00,0.98,18261.00,0.96,2024-10-30 11:39:22,2024-10-30 11:39:22,0.03,26C2BE6596D511EF937150EBF6EE7050,24110.51,26169.70,35.72
2024-10-30 P2328 Group 2 Rev 2 R01 PP1,1942.90,1942.90,0.99,0.00,0.00,0.00,78279.69,64132.57,64422.91,1.83,42.00,42.00,231.00,376.00,0.00,0.00,0.00,0.00,0.00,0.00,0.00,0.95,0.96,1.00,1.04,171.95,1.00,2024-10-30 11:39:22,49.74,50.98,49.74,238.20,24.56,1.00,-35.00,0.00,0.00,1.17,0.00,1.00,46.36,46.36,41,41.00,41.00,32.41,54.03,1.00,185.46,0.00,0.00,0.00,1.08,38.44,42942,0.00,0.00,0.00,0.00,0.98,25504.00,0.93,2024-10-30 11:39:22,2024-10-30 11:39:22,0.02,26C2C06E96D511EF937150EBF6EE7050,64422.91,69372.32,48.54
2024-10-30 P2328 Group 2 Rev 2 R01 PP1,3000.97,3000.97,0.98,0.00,0.00,0.00,143709.56,122392.95,123667.68,1.83,43.00,43.00,718.00,578.00,0.00,0.00,0.00,0.00,0.00,0.00,0.00,0.96,0.94,1.00,1.06,209.69,1.00,2024-10-30 11:39:22,61.81,62.99,61.81,241.09,25.48,1.00,-70.00,0.00,0.00,1.15,0.00,1.00,56.77,56.77,42,48.00,48.00,27.15,65.02,1.00,227.09,0.00,0.00,0.00,1.08,36.29,42943,0.00,0.00,0.00,0.00,0.97,31200.00,0.93,2024-10-30 11:39:22,2024-10-30 11:39:22,0.02,26C2C27E96D511EF937150EBF6EE7050,123667.68,130841.33,61.36
2024-10-30 P2328 Group 2 Rev 2 R01 PP1,2617.70,2617.70,0.94,0.00,0.00,0.00,119438.93,97739.12,100749.71,1.83,44.00,44.00,478.00,842.00,0.00,0.00,0.00,0.00,0.00,0.00,0.00,0.93,0.94,1.00,1.06,197.97,1.00,2024-10-30 11:39:22,57.73,59.37,57.73,223.83,25.48,1.00,10.00,-90.00,0.00,1.18,0.00,1.00,53.38,53.38,43,45.00,47.00,31.70,63.19,1.00,213.51,0.00,0.00,0.00,1.08,37.50,42943,0.00,0.00,0.00,0.00,0.97,32299.00,0.94,2024-10-30 11:39:22,2024-10-30 11:39:22,0.03,26C2C48B96D511EF937150EBF6EE7050,100749.71,109596.22,55.86
2024-10-30 P2328 Group 2 Rev 2 R01 PP1,3425.91,3425.91,0.96,0.00,0.00,0.00,172966.04,147405.58,150844.14,1.83,45.00,45.00,384.00,1585.00,0.00,0.00,0.00,0.00,0.00,0.00,0.00,0.95,0.93,1.00,1.07,223.03,1.00,2024-10-30 11:39:22,66.05,67.01,66.05,197.24,25.81,1.00,-5.00,-90.00,0.00,1.17,0.00,1.00,60.39,60.39,44,50.00,52.00,29.02,70.52,1.00,241.56,0.00,0.00,0.00,1.08,34.62,42944,0.00,0.00,0.00,0.00,0.97,37499.00,0.96,2024-10-30 11:39:22,2024-10-30 11:39:22,0.01,26C2C69396D511EF937150EBF6EE7050,150844.14,157521.69,65.02
2024-10-30 P2328 Group 2 Rev 2 R01 PP1,2879.75,2879.75,0.96,0.00,0.00,0.00,134904.16,113472.62,116251.05,1.83,46.00,46.00,626.00,739.00,0.00,0.00,0.00,0.00,0.00,0.00,0.00,0.95,0.94,1.00,1.06,205.69,1.00,2024-10-30 11:39:22,60.55,61.66,60.55,237.76,26.39,1.00,-85.00,0.00,0.00,1.14,0.00,1.00,55.59,55.59,45,48.00,47.00,28.22,63.19,1.00,222.35,0.00,0.00,0.00,1.08,36.01,42945,0.00,0.00,0.00,0.00,0.97,31265.00,0.95,2024-10-30 11:39:22,2024-10-30 11:39:22,0.02,26C2C89A96D511EF937150EBF6EE7050,116251.05,122769.61,59.53
2024-10-30 P2328 Group 2 Rev 2 R01 PP1,803.89,803.89,0.86,0.00,0.00,0.00,28360.93,15663.13,17145.90,1.83,47.00,47.00,855.00,1842.00,0.00,0.00,0.00,0.00,0.00,0.00,0.00,0.88,0.91,0.99,1.09,117.00,1.00,2024-10-30 11:39:22,31.99,33.43,31.99,186.57,27.73,1.00,-90.00,20.00,0.00,1.08,0.00,1.00,33.05,33.05,46,34.00,32.00,52.35,35.72,1.00,132.21,0.00,0.00,0.00,1.13,46.97,42946,0.00,0.00,0.00,0.00,0.96,19841.00,0.92,2024-10-30 11:39:22,2024-10-30 11:39:22,0.04,26C2CAAC96D511EF937150EBF6EE7050,17145.90,19555.96,30.22
2024-10-30 P2328 Group 2 Rev 2 R01 PP1,3247.23,3247.23,0.95,0.00,0.00,0.00,163370.68,135441.03,139197.89,1.83,48.00,48.00,577.00,1180.00,0.00,0.00,0.00,0.00,0.00,0.00,0.00,0.94,0.92,1.00,1.08,218.79,1.00,2024-10-30 11:39:22,64.30,66.04,64.30,210.52,27.89,1.00,-80.00,0.00,0.00,1.19,0.00,1.00,59.25,59.25,47,51.00,48.00,31.19,70.52,1.00,237.00,0.00,0.00,0.00,1.08,37.11,42947,0.00,0.00,0.00,0.00,0.96,38427.00,0.95,2024-10-30 11:39:22,2024-10-30 11:39:22,0.03,26C2CCD696D511EF937150EBF6EE7050,139197.89,150802.00,61.36
2024-10-30 P2328 Group 2 Rev 2 R01 PP1,987.21,987.21,0.96,0.00,0.00,0.00,34116.84,22696.88,23333.44,1.83,49.00,49.00,928.00,1721.00,0.00,0.00,0.00,0.00,0.00,0.00,0.00,0.95,0.95,1.00,1.05,126.70,1.00,2024-10-30 11:39:22,35.45,36.58,35.45,213.05,28.81,1.00,0.00,-90.00,0.00,1.07,0.00,1.00,35.15,35.15,48,33.00,35.00,42.78,37.55,1.00,140.61,0.00,0.00,0.00,1.11,40.81,42948,0.00,0.00,0.00,0.00,0.98,19121.00,0.99,2024-10-30 11:39:22,2024-10-30 11:39:22,0.03,26C2CEF096D511EF937150EBF6EE7050,23333.44,25631.24,33.88
2024-10-30 P2328 Group 2 Rev 2 R01 PP1,1871.05,1871.05,0.92,0.00,0.00,0.00,81605.68,58529.09,60882.54,1.83,50.00,50.00,591.00,749.00,0.00,0.00,0.00,0.00,0.00,0.00,0.00,0.89,0.91,0.99,1.10,170.70,1.00,2024-10-30 11:39:22,48.81,50.47,48.81,223.49,28.89,1.00,5.00,-90.00,0.00,1.15,0.00,1.00,47.01,47.01,49,40.00,43.00,35.84,54.03,1.00,188.05,0.00,0.00,0.00,1.10,41.18,42949,0.00,0.00,0.00,0.00,0.95,27313.00,0.87,2024-10-30 11:39:22,2024-10-30 11:39:22,0.03,26C2D10D96D511EF937150EBF6EE7050,60882.54,67315.96,46.71
2024-10-30 P2328 Group 2 Rev 2 R01 PP1,3152.15,3152.15,0.94,0.00,0.00,0.00,153771.01,128657.31,133129.54,1.83,51.00,51.00,638.00,1542.00,0.00,0.00,0.00,0.00,0.00,0.00,0.00,0.94,0.94,1.00,1.07,214.47,1.00,2024-10-30 11:39:22,63.35,64.36,63.35,163.69,29.56,1.00,-85.00,0.00,0.00,1.15,0.00,1.00,58.07,58.07,50,50.00,48.00,36.55,66.85,1.00,232.27,0.00,0.00,0.00,1.08,38.47,42950,0.00,0.00,0.00,0.00,0.97,43857.00,0.97,2024-10-30 11:39:22,2024-10-30 11:39:22,0.02,26C2D33996D511EF937150EBF6EE7050,133129.54,139590.09,61.36
2024-10-30 P2328 Group 2 Rev 2 R01 PP1,4211.84,4211.84,0.96,0.00,0.00,0.00,232456.08,201291.21,205622.95,1.83,52.00,52.00,267.00,303.00,0.00,0.00,0.00,0.00,0.00,0.00,0.00,0.96,0.92,1.00,1.08,245.82,1.00,2024-10-30 11:39:22,73.23,74.38,73.23,248.40,30.14,1.00,15.00,40.00,0.00,1.14,0.00,1.00,66.64,66.64,51,55.00,55.00,23.69,76.01,1.00,266.57,0.00,0.00,0.00,1.08,34.28,42951,0.00,0.00,0.00,0.00,0.96,36820.00,0.96,2024-10-30 11:39:22,2024-10-30 11:39:22,0.02,26C2D55F96D511EF937150EBF6EE7050,205622.95,215489.02,72.35
2024-10-30 P2328 Group 2 Rev 2 R01 PP1,1845.23,1845.23,0.96,0.00,0.00,0.00,77486.53,58186.90,59626.75,1.83,53.00,53.00,477.00,1356.00,0.00,0.00,0.00,0.00,0.00,0.00,0.00,0.95,0.93,1.00,1.08,167.98,1.00,2024-10-30 11:39:22,48.47,49.50,48.47,168.58,30.39,1.00,75.00,0.00,0.00,1.13,0.00,1.00,46.21,46.21,52,42.00,41.00,41.45,52.20,1.00,184.83,0.00,0.00,0.00,1.10,40.17,42952,0.00,0.00,0.00,0.00,0.96,31212.00,0.93,2024-10-30 11:39:22,2024-10-30 11:39:22,0.02,26C2D77996D511EF937150EBF6EE7050,59626.75,63521.62,48.54
2024-10-30 P2328 Group 2 Rev 2 R01 PP1,1773.66,1773.66,0.96,0.00,0.00,0.00,72970.05,55049.98,56191.21,1.83,54.00,54.00,496.00,396.00,0.00,0.00,0.00,0.00,0.00,0.00,0.00,0.94,0.94,1.00,1.07,164.98,1.00,2024-10-30 11:39:22,47.52,49.10,47.52,234.69,30.56,1.00,-85.00,10.00,0.00,1.11,0.00,1.00,45.29,45.29,53,41.00,41.00,33.71,50.37,1.00,181.17,0.00,0.00,0.00,1.10,40.36,42953,0.00,0.00,0.00,0.00,0.97,24543.00,0.93,2024-10-30 11:39:22,2024-10-30 11:39:22,0.03,26C2DB6F96D511EF937150EBF6EE7050,56191.21,61967.64,46.71
2024-10-30 P2328 Group 2 Rev 2 R01 PP1,2281.54,2281.54,0.92,0.00,0.00,0.00,101259.15,78163.58,81979.85,1.83,55.00,55.00,930.00,1010.00,0.00,0.00,0.00,0.00,0.00,0.00,0.00,0.93,0.93,1.00,1.07,185.06,1.00,2024-10-30 11:39:22,53.90,55.00,53.90,254.24,30.56,1.00,-50.00,15.00,0.00,1.18,0.00,1.00,50.52,50.52,54,44.00,44.00,21.71,59.53,1.00,202.07,0.00,0.00,0.00,1.09,30.89,42953,0.00,0.00,0.00,0.00,0.97,19630.00,0.92,2024-10-30 11:39:22,2024-10-30 11:39:22,0.02,26C2DEEE96D511EF937150EBF6EE7050,81979.85,87108.41,52.20
2024-10-30 P2328 Group 2 Rev 2 R01 PP1,2655.88,2655.88,0.97,0.00,0.00,0.00,128345.82,101577.77,102961.97,1.83,56.00,56.00,138.00,273.00,0.00,0.00,0.00,0.00,0.00,0.00,0.00,0.95,0.91,1.00,1.10,199.64,1.00,2024-10-30 11:39:22,58.15,59.78,58.15,251.82,30.81,1.00,10.00,-90.00,0.00,1.12,0.00,1.00,54.67,54.67,55,46.00,47.00,20.11,61.36,1.00,218.69,0.00,0.00,0.00,1.10,31.24,42954,0.00,0.00,0.00,0.00,0.95,20756.00,0.94,2024-10-30 11:39:22,2024-10-30 11:39:22,0.03,26C2E10B96D511EF937150EBF6EE7050,102961.97,111865.62,57.70
2024-10-30 P2328 Group 2 Rev 2 R01 PP1,1991.87,1991.87,0.97,0.00,0.00,0.00,83597.07,65734.18,66873.66,1.83,57.00,57.00,776.00,1164.00,0.00,0.00,0.00,0.00,0.00,0.00,0.00,0.95,0.94,1.00,1.06,173.89,1.00,2024-10-30 11:39:22,50.36,51.44,50.36,196.94,30.81,1.00,-55.00,0.00,0.00,1.14,0.00,1.00,47.39,47.39,56,42.00,42.00,37.05,54.03,1.00,189.57,0.00,0.00,0.00,1.09,38.75,42954,0.00,0.00,0.00,0.00,0.97,29792.00,0.95,2024-10-30 11:39:22,2024-10-30 11:39:22,0.02,26C2E32396D511EF937150EBF6EE7050,66873.66,71258.47,50.37
2024-10-30 P2328 Group 2 Rev 2 R01 PP1,1060.95,1060.95,0.83,0.00,0.00,0.00,37681.68,23089.67,25996.14,1.83,58.00,58.00,402.00,1786.00,0.00,0.00,0.00,0.00,0.00,0.00,0.00,0.86,0.95,0.98,1.06,131.64,1.00,2024-10-30 11:39:22,36.75,38.11,36.75,113.09,30.81,1.00,-80.00,0.00,0.00,1.18,0.00,1.00,36.34,36.34,57,37.00,32.00,67.45,43.04,1.00,145.35,0.00,0.00,0.00,1.10,42.55,42954,0.00,0.00,0.00,0.00,0.97,31971.00,0.93,2024-10-30 11:39:22,2024-10-30 11:39:22,0.04,26C2E54A96D511EF937150EBF6EE7050,25996.14,28975.34,32.05
2024-10-30 P2328 Group 2 Rev 2 R01 PP1,2471.18,2471.18,0.96,0.00,0.00,0.00,109248.46,90068.83,92410.42,1.83,59.00,59.00,647.00,1463.00,0.00,0.00,0.00,0.00,0.00,0.00,0.00,0.95,0.95,1.00,1.05,191.62,1.00,2024-10-30 11:39:22,56.09,57.19,56.09,167.59,31.31,1.00,-85.00,0.00,0.00,1.15,0.00,1.00,51.81,51.81,58,46.00,44.00,38.49,59.53,1.00,207.25,0.00,0.00,0.00,1.08,39.00,42955,0.00,0.00,0.00,0.00,0.98,37297.00,0.96,2024-10-30 11:39:22,2024-10-30 11:39:22,0.02,26C2E76E96D511EF937150EBF6EE7050,92410.42,97922.38,54.03
2024-10-30 P2328 Group 2 Rev 2 R01 PP1,1354.70,1354.70,0.44,0.00,0.00,0.00,41252.60,25857.79,37508.58,1.83,60.00,60.00,318.00,1124.00,0.00,0.00,0.00,0.00,0.00,0.00,0.00,0.36,0.62,0.67,1.61,175.38,0.95,2024-10-30 11:39:22,41.53,52.15,41.53,222.91,31.56,2.67,60.00,-15.00,0.08,0.93,0.00,0.37,72.08,26.99,59,50.00,32.00,44.35,66.85,1.00,198.15,0.00,0.00,0.00,1.13,43.68,42956,0.00,0.00,0.00,0.00,0.79,25721.00,0.48,2024-10-30 11:39:22,2024-10-30 11:39:22,0.20,26C2E98696D511EF937150EBF6EE7050,37508.58,74259.94,30.22
2024-10-30 P2328 Group 2 Rev 2 R01 PP1,782.58,782.58,0.61,0.00,0.00,0.00,32265.91,12327.90,16468.64,1.83,61.00,61.00,131.00,379.00,0.00,0.00,0.00,0.00,0.00,0.00,0.00,0.65,0.82,0.86,1.22,122.83,1.00,2024-10-30 11:39:22,31.57,35.31,31.57,223.02,31.81,1.00,75.00,0.00,0.00,1.30,0.00,1.00,34.51,34.51,60,38.00,28.00,52.49,44.87,1.00,138.02,0.00,0.00,0.00,1.12,46.63,42957,0.00,0.00,0.00,0.00,0.91,19474.00,0.66,2024-10-30 11:39:22,2024-10-30 11:39:22,0.11,26C2EBAA96D511EF937150EBF6EE7050,16468.64,23049.50,24.73
2024-10-30 P2328 Group 2 Rev 2 R01 PP1,1039.05,1039.05,0.96,0.00,0.00,0.00,35702.76,24516.45,25195.36,1.83,62.00,62.00,751.00,1254.00,0.00,0.00,0.00,0.00,0.00,0.00,0.00,0.94,0.96,1.00,1.04,129.33,1.00,2024-10-30 11:39:22,36.37,37.29,36.37,169.81,31.81,1.00,-65.00,0.00,0.00,1.10,0.00,1.00,35.69,35.69,61,34.00,34.00,50.68,39.38,1.00,142.76,0.00,0.00,0.00,1.10,43.61,42957,0.00,0.00,0.00,0.00,0.98,23616.00,0.93,2024-10-30 11:39:22,2024-10-30 11:39:22,0.02,26C2EDCD96D511EF937150EBF6EE7050,25195.36,27157.82,35.72
2024-10-30 P2328 Group 2 Rev 2 R01 PP1,4877.69,4877.69,0.91,0.00,0.00,0.00,324223.83,248633.39,256262.73,1.83,63.00,63.00,667.00,1225.00,0.00,0.00,0.00,0.00,0.00,0.00,0.00,0.82,0.84,0.98,1.19,270.40,1.00,2024-10-30 11:39:22,78.81,82.22,78.81,212.44,32.31,1.00,10.00,45.00,0.00,1.22,0.00,1.00,74.46,74.46,62,57.00,63.00,27.90,90.66,1.00,297.84,0.00,0.00,0.00,1.10,34.93,42958,0.00,0.00,0.00,0.00,0.92,49490.00,0.82,2024-10-30 11:39:22,2024-10-30 11:39:22,0.04,26C2EFF096D511EF937150EBF6EE7050,256262.73,291009.45,76.01
2024-10-30 P2328 Group 2 Rev 2 R01 PP1,1602.76,1602.76,0.96,0.00,0.00,0.00,62797.00,47228.46,48268.92,1.83,64.00,64.00,138.00,559.00,0.00,0.00,0.00,0.00,0.00,0.00,0.00,0.95,0.95,1.00,1.05,157.38,1.00,2024-10-30 11:39:22,45.17,46.15,45.17,165.30,34.98,1.00,-85.00,0.00,0.00,1.13,0.00,1.00,43.08,43.08,63,40.00,39.00,49.15,48.54,1.00,172.32,0.00,0.00,0.00,1.09,44.32,42959,0.00,0.00,0.00,0.00,0.97,32834.00,0.93,2024-10-30 11:39:22,2024-10-30 11:39:22,0.02,26C2F20B96D511EF937150EBF6EE7050,48268.92,51452.31,44.87
2024-10-30 P2328 Group 2 Rev 2 R01 PP1,2844.33,2844.33,0.83,0.00,0.00,0.00,158072.45,102662.63,114112.83,1.83,65.00,65.00,901.00,1758.00,0.00,0.00,0.00,0.00,0.00,0.00,0.00,0.82,0.84,0.98,1.19,207.79,1.00,2024-10-30 11:39:22,60.18,62.43,60.18,115.55,34.98,1.00,-80.00,0.00,0.00,1.17,0.00,1.00,58.60,58.60,64,51.00,45.00,55.58,68.69,1.00,234.41,0.00,0.00,0.00,1.13,49.86,42959,0.00,0.00,0.00,0.00,0.92,60916.00,0.83,2024-10-30 11:39:22,2024-10-30 11:39:22,0.04,26C2F42A96D511EF937150EBF6EE7050,114112.83,127384.54,55.86
2024-10-30 P2328 Group 2 Rev 2 R01 PP1,4100.35,4100.35,0.82,0.00,0.00,0.00,259376.01,176728.81,197512.55,1.83,66.00,66.00,907.00,1819.00,0.00,0.00,0.00,0.00,0.00,0.00,0.00,0.82,0.84,0.98,1.20,246.79,1.00,2024-10-30 11:39:22,72.25,74.84,72.25,103.87,35.06,1.00,-80.00,30.00,0.00,1.18,0.00,1.00,69.12,69.12,65,57.00,54.00,53.83,81.51,1.00,276.49,0.00,0.00,0.00,1.12,52.17,42960,0.00,0.00,0.00,0.00,0.91,81666.00,0.88,2024-10-30 11:39:22,2024-10-30 11:39:22,0.03,26C2F65596D511EF937150EBF6EE7050,197512.55,219493.19,65.02
2024-10-30 P2328 Group 2 Rev 2 R01 PP1,2439.02,2439.02,0.93,0.00,0.00,0.00,106866.49,86864.67,90612.29,1.83,67.00,67.00,556.00,1396.00,0.00,0.00,0.00,0.00,0.00,0.00,0.00,0.93,0.95,1.00,1.05,190.56,1.00,2024-10-30 11:39:22,55.73,56.83,55.73,178.33,36.89,1.00,-80.00,0.00,0.00,1.16,0.00,1.00,51.43,51.43,66,46.00,43.00,36.80,59.53,1.00,205.74,0.00,0.00,0.00,1.08,38.14,42961,0.00,0.00,0.00,0.00,0.98,35254.00,0.97,2024-10-30 11:39:22,2024-10-30 11:39:22,0.02,26C2F87996D511EF937150EBF6EE7050,90612.29,96104.24,52.20
2024-10-30 P2328 Group 2 Rev 2 R01 PP1,1707.99,1707.99,0.99,0.00,0.00,0.00,71151.90,52858.24,53099.85,1.83,68.00,68.00,709.00,571.00,0.00,0.00,0.00,0.00,0.00,0.00,0.00,0.96,0.92,1.00,1.09,162.79,1.00,2024-10-30 11:39:22,46.63,48.03,46.63,248.20,37.39,1.00,-20.00,-90.00,0.00,1.12,0.00,1.00,44.91,44.91,67,40.00,41.00,27.53,50.37,1.00,179.65,0.00,0.00,0.00,1.10,37.45,42962,0.00,0.00,0.00,0.00,0.96,19408.00,0.93,2024-10-30 11:39:22,2024-10-30 11:39:22,0.03,26C2FA9996D511EF937150EBF6EE7050,53099.85,58009.48,46.71
2024-10-30 P2328 Group 2 Rev 2 R01 PP1,2412.73,2412.73,0.99,0.00,0.00,0.00,111665.56,88710.67,89151.00,1.83,69.00,69.00,269.00,1331.00,0.00,0.00,0.00,0.00,0.00,0.00,0.00,0.93,0.92,1.00,1.09,190.61,1.00,2024-10-30 11:39:22,55.43,56.73,55.43,176.14,37.64,1.00,0.00,-90.00,0.00,1.11,0.00,1.00,52.19,52.19,68,45.00,46.00,37.56,57.70,1.00,208.77,0.00,0.00,0.00,1.10,39.52,42963,0.00,0.00,0.00,0.00,0.96,35642.00,0.87,2024-10-30 11:39:22,2024-10-30 11:39:22,0.02,26C2FCB796D511EF937150EBF6EE7050,89151.00,95588.94,55.86
2024-10-30 P2328 Group 2 Rev 2 R01 PP1,1591.42,1591.42,0.94,0.00,0.00,0.00,62797.00,46061.95,47757.31,1.83,71.00,71.00,886.00,1126.00,0.00,0.00,0.00,0.00,0.00,0.00,0.00,0.94,0.94,1.00,1.06,157.07,1.00,2024-10-30 11:39:22,45.01,46.35,45.01,176.91,37.98,1.00,10.00,-90.00,0.00,1.13,0.00,1.00,43.08,43.08,69,39.00,40.00,44.30,48.54,1.00,172.32,0.00,0.00,0.00,1.10,42.83,42964,0.00,0.00,0.00,0.00,0.97,29412.00,0.94,2024-10-30 11:39:22,2024-10-30 11:39:22,0.03,26C3010D96D511EF937150EBF6EE7050,47757.31,52136.05,44.87
2024-10-30 P2328 Group 2 Rev 2 R01 PP1,3006.89,3006.89,0.98,0.00,0.00,0.00,141682.20,122899.93,124033.83,1.83,72.00,72.00,287.00,1233.00,0.00,0.00,0.00,0.00,0.00,0.00,0.00,0.96,0.95,1.00,1.05,209.85,1.00,2024-10-30 11:39:22,61.87,62.99,61.87,204.58,37.98,1.00,-80.00,0.00,0.00,1.15,0.00,1.00,56.50,56.50,70,48.00,48.00,31.25,65.02,1.00,226.01,0.00,0.00,0.00,1.08,35.93,42964,0.00,0.00,0.00,0.00,0.97,35968.00,0.95,2024-10-30 11:39:22,2024-10-30 11:39:22,0.02,26C3032F96D511EF937150EBF6EE7050,124033.83,130841.33,61.36
2024-10-30 P2328 Group 2 Rev 2 R01 PP1,2647.07,2647.07,0.93,0.00,0.00,0.00,140848.05,98819.35,102449.85,1.83,73.00,73.00,922.00,193.00,0.00,0.00,0.00,0.00,0.00,0.00,0.00,0.90,0.85,0.99,1.17,201.67,1.00,2024-10-30 11:39:22,58.05,60.24,58.05,223.54,39.73,1.00,-55.00,45.00,0.00,1.19,0.00,1.00,56.39,56.39,71,47.00,47.00,29.49,66.85,1.00,225.57,0.00,0.00,0.00,1.12,41.18,42965,0.00,0.00,0.00,0.00,0.92,30343.00,0.87,2024-10-30 11:39:22,2024-10-30 11:39:22,0.04,26C3055496D511EF937150EBF6EE7050,102449.85,114455.89,55.86
2024-10-30 P2328 Group 2 Rev 2 R01 PP1,2433.18,2433.18,0.99,0.00,0.00,0.00,116910.50,90063.32,90286.79,1.83,74.00,74.00,530.00,31.00,0.00,0.00,0.00,0.00,0.00,0.00,0.00,0.94,0.90,1.00,1.12,193.17,1.00,2024-10-30 11:39:22,55.66,57.54,55.66,240.05,40.14,1.00,15.00,0.00,0.00,1.12,0.00,1.00,53.00,53.00,72,45.00,44.00,28.22,59.53,1.00,211.99,0.00,0.00,0.00,1.10,36.79,42966,0.00,0.00,0.00,0.00,0.95,26980.00,0.91,2024-10-30 11:39:22,2024-10-30 11:39:22,0.03,26C3077E96D511EF937150EBF6EE7050,90286.79,99763.31,54.03
2024-10-30 P2328 Group 2 Rev 2 R01 PP1,2130.58,2130.58,0.92,0.00,0.00,0.00,93669.15,70950.97,73979.25,1.83,76.00,76.00,272.00,995.00,0.00,0.00,0.00,0.00,0.00,0.00,0.00,0.91,0.93,0.99,1.08,180.53,1.00,2024-10-30 11:39:22,52.08,53.63,52.08,204.46,42.56,1.00,-70.00,0.00,0.00,1.17,0.00,1.00,49.22,49.22,73,43.00,43.00,36.04,57.70,1.00,196.89,0.00,0.00,0.00,1.09,39.53,42967,0.00,0.00,0.00,0.00,0.96,30703.00,0.90,2024-10-30 11:39:22,2024-10-30 11:39:22,0.03,26C30C7396D511EF937150EBF6EE7050,73979.25,80743.00,52.20
2024-10-30 P2328 Group 2 Rev 2 R01 PP1,2000.52,2000.52,0.95,0.00,0.00,0.00,85620.60,65484.69,67309.75,1.83,77.00,77.00,506.00,1392.00,0.00,0.00,0.00,0.00,0.00,0.00,0.00,0.95,0.93,1.00,1.07,174.40,1.00,2024-10-30 11:39:22,50.47,51.64,50.47,169.76,44.23,1.00,-90.00,0.00,0.00,1.13,0.00,1.00,47.77,47.77,74,44.00,41.00,40.11,54.03,1.00,191.08,0.00,0.00,0.00,1.10,39.28,42968,0.00,0.00,0.00,0.00,0.97,32370.00,0.92,2024-10-30 11:39:22,2024-10-30 11:39:22,0.02,26C30E9C96D511EF937150EBF6EE7050,67309.75,72107.62,48.54
2024-10-30 P2328 Group 2 Rev 2 R01 PP1,2682.33,2682.33,0.97,0.00,0.00,0.00,122317.16,102742.88,104504.06,1.83,78.00,78.00,701.00,192.00,0.00,0.00,0.00,0.00,0.00,0.00,0.00,0.93,0.95,1.00,1.06,200.53,1.00,2024-10-30 11:39:22,58.44,60.04,58.44,229.62,45.56,1.00,20.00,-90.00,0.00,1.14,0.00,1.00,53.80,53.80,75,45.00,46.00,29.61,61.36,1.00,215.21,0.00,0.00,0.00,1.07,40.67,42969,0.00,0.00,0.00,0.00,0.97,30822.00,0.93,2024-10-30 11:39:22,2024-10-30 11:39:22,0.03,26C310C696D511EF937150EBF6EE7050,104504.06,113299.77,55.86
2024-10-30 P2328 Group 2 Rev 2 R01 PP1,2579.55,2579.55,0.94,0.00,0.00,0.00,118387.24,95349.62,98555.52,1.83,79.00,79.00,136.00,131.00,0.00,0.00,0.00,0.00,0.00,0.00,0.00,0.94,0.94,1.00,1.07,196.29,1.00,2024-10-30 11:39:22,57.31,58.51,57.31,238.32,45.64,1.00,-80.00,-45.00,0.00,1.15,0.00,1.00,53.22,53.22,76,47.00,46.00,25.83,61.36,1.00,212.88,0.00,0.00,0.00,1.08,35.85,42970,0.00,0.00,0.00,0.00,0.97,25988.00,0.90,2024-10-30 11:39:22,2024-10-30 11:39:22,0.02,26C312DB96D511EF937150EBF6EE7050,98555.52,104876.10,54.03
2024-10-30 P2328 Group 2 Rev 2 R01 PP1,2826.63,2826.63,0.94,0.00,0.00,0.00,134096.86,109530.19,113049.30,1.83,80.00,80.00,590.00,76.00,0.00,0.00,0.00,0.00,0.00,0.00,0.00,0.91,0.93,0.99,1.07,205.30,1.00,2024-10-30 11:39:22,59.99,61.41,59.99,202.22,45.81,1.00,10.00,-90.00,0.00,1.14,0.00,1.00,55.48,55.48,77,46.00,48.00,33.69,63.19,1.00,221.91,0.00,0.00,0.00,1.08,46.67,42971,0.00,0.00,0.00,0.00,0.97,36722.00,0.90,2024-10-30 11:39:22,2024-10-30 11:39:22,0.02,26C314FD96D511EF937150EBF6EE7050,113049.30,121256.45,57.70
2024-10-30 P2328 Group 2 Rev 2 R01 PP1,2319.39,2319.39,0.99,0.00,0.00,0.00,101928.72,83468.57,84028.19,1.83,81.00,81.00,277.00,452.00,0.00,0.00,0.00,0.00,0.00,0.00,0.00,0.96,0.94,1.00,1.06,186.05,1.00,2024-10-30 11:39:22,54.34,55.30,54.34,236.71,45.89,1.00,5.00,-90.00,0.00,1.14,0.00,1.00,50.63,50.63,78,44.00,45.00,30.86,57.70,1.00,202.52,0.00,0.00,0.00,1.09,38.71,42972,0.00,0.00,0.00,0.00,0.97,28301.00,0.95,2024-10-30 11:39:22,2024-10-30 11:39:22,0.02,26C3171E96D511EF937150EBF6EE7050,84028.19,88566.94,54.03
2024-10-30 P2328 Group 2 Rev 2 R01 PP1,2366.03,2366.03,0.71,0.00,0.00,0.00,127564.92,72531.52,86575.32,1.83,82.00,82.00,342.00,1030.00,0.00,0.00,0.00,0.00,0.00,0.00,0.00,0.69,0.83,0.93,1.21,197.27,1.00,2024-10-30 11:39:22,54.89,59.07,54.89,203.96,45.89,1.00,-80.00,0.00,0.00,1.29,0.00,1.00,54.56,54.56,79,52.00,41.00,37.83,70.52,1.00,218.24,0.00,0.00,0.00,1.11,42.68,42972,0.00,0.00,0.00,0.00,0.91,35293.00,0.66,2024-10-30 11:39:22,2024-10-30 11:39:22,0.07,26C3194396D511EF937150EBF6EE7050,86575.32,107914.47,48.54
2024-10-30 P2328 Group 2 Rev 2 R01 PP1,2561.96,2561.96,0.94,0.00,0.00,0.00,116910.50,94426.47,97548.95,1.83,83.00,83.00,490.00,755.00,0.00,0.00,0.00,0.00,0.00,0.00,0.00,0.92,0.94,1.00,1.07,195.68,1.00,2024-10-30 11:39:22,57.11,58.41,57.11,228.91,46.31,1.00,-20.00,-90.00,0.00,1.16,0.00,1.00,53.00,53.00,80,44.00,47.00,31.04,61.36,1.00,211.99,0.00,0.00,0.00,1.08,38.13,42973,0.00,0.00,0.00,0.00,0.97,31039.00,0.91,2024-10-30 11:39:22,2024-10-30 11:39:22,0.02,26C31B5F96D511EF937150EBF6EE7050,97548.95,104329.88,54.03
2024-10-30 P2328 Group 2 Rev 2 R01 PP1,2791.25,2791.25,0.93,0.00,0.00,0.00,127564.92,106396.68,110933.40,1.83,84.00,84.00,253.00,1471.00,0.00,0.00,0.00,0.00,0.00,0.00,0.00,0.93,0.95,1.00,1.05,203.04,1.00,2024-10-30 11:39:22,59.61,60.70,59.61,165.75,48.48,1.00,50.00,0.00,0.00,1.19,0.00,1.00,54.56,54.56,81,47.00,46.00,36.10,65.02,1.00,218.24,0.00,0.00,0.00,1.07,37.42,42974,0.00,0.00,0.00,0.00,0.98,38913.00,0.96,2024-10-30 11:39:22,2024-10-30 11:39:22,0.02,26C31D7996D511EF937150EBF6EE7050,110933.40,117085.83,57.70
2024-10-30 P2328 Group 2 Rev 2 R01 PP1,3425.91,3425.91,0.98,0.00,0.00,0.00,172013.12,149015.73,150844.14,1.83,85.00,85.00,265.00,90.00,0.00,0.00,0.00,0.00,0.00,0.00,0.00,0.96,0.94,1.00,1.07,223.04,1.00,2024-10-30 11:39:22,66.05,67.16,66.05,249.37,49.89,1.00,-80.00,0.00,0.00,1.14,0.00,1.00,60.28,60.28,82,51.00,50.00,24.87,68.69,1.00,241.11,0.00,0.00,0.00,1.08,33.98,42975,0.00,0.00,0.00,0.00,0.97,32133.00,0.96,2024-10-30 11:39:22,2024-10-30 11:39:22,0.02,26C31FA596D511EF937150EBF6EE7050,150844.14,158600.60,65.02
2024-10-30 P2328 Group 2 Rev 2 R01 PP1,2617.70,2617.70,0.96,0.00,0.00,0.00,119438.93,98288.74,100749.71,1.83,86.00,86.00,262.00,1226.00,0.00,0.00,0.00,0.00,0.00,0.00,0.00,0.95,0.94,1.00,1.06,196.87,1.00,2024-10-30 11:39:22,57.73,58.71,57.73,197.86,49.89,1.00,50.00,0.00,0.00,1.15,0.00,1.00,53.38,53.38,83,47.00,45.00,33.78,61.36,1.00,213.51,0.00,0.00,0.00,1.08,37.65,42975,0.00,0.00,0.00,0.00,0.97,34423.00,0.95,2024-10-30 11:39:22,2024-10-30 11:39:22,0.02,26C321D396D511EF937150EBF6EE7050,100749.71,105974.27,55.86
2024-10-30 P2328 Group 2 Rev 2 R01 PP1,2380.62,2380.62,1.00,0.00,0.00,0.00,104519.40,87298.88,87377.16,1.83,87.00,87.00,271.00,72.00,0.00,0.00,0.00,0.00,0.00,0.00,0.00,0.95,0.95,1.00,1.05,188.56,1.00,2024-10-30 11:39:22,55.06,56.22,55.06,244.87,51.06,1.00,-65.00,0.00,0.00,1.13,0.00,1.00,51.05,51.05,84,44.00,44.00,28.85,57.70,1.00,204.22,0.00,0.00,0.00,1.08,36.39,42976,0.00,0.00,0.00,0.00,0.97,27062.00,0.92,2024-10-30 11:39:22,2024-10-30 11:39:22,0.02,26C323F196D511EF937150EBF6EE7050,87377.16,93040.03,54.03
2024-10-30 P2328 Group 2 Rev 2 R01 PP1,1836.63,1836.63,1.00,0.00,0.00,0.00,72970.05,59102.69,59210.38,1.83,88.00,88.00,287.00,229.00,0.00,0.00,0.00,0.00,0.00,0.00,0.00,0.97,0.96,1.00,1.04,166.82,1.00,2024-10-30 11:39:22,48.36,49.30,48.36,232.20,51.06,1.00,-80.00,0.00,0.00,1.11,0.00,1.00,45.29,45.29,85,41.00,41.00,34.05,50.37,1.00,181.17,0.00,0.00,0.00,1.09,40.91,42976,0.00,0.00,0.00,0.00,0.98,25534.00,0.94,2024-10-30 11:39:22,2024-10-30 11:39:22,0.02,26C3260F96D511EF937150EBF6EE7050,59210.38,62741.42,48.54
2024-10-30 P2328 Group 2 Rev 2 R01 PP1,2354.36,2354.36,0.95,0.00,0.00,0.00,107560.53,83623.68,85935.85,1.83,89.00,89.00,456.00,237.00,0.00,0.00,0.00,0.00,0.00,0.00,0.00,0.94,0.92,1.00,1.09,188.26,1.00,2024-10-30 11:39:22,54.75,56.07,54.75,242.47,51.48,1.00,-30.00,-90.00,0.00,1.15,0.00,1.00,51.55,51.55,86,44.00,46.00,29.24,59.53,1.00,206.18,0.00,0.00,0.00,1.10,37.97,42977,0.00,0.00,0.00,0.00,0.96,27163.00,0.93,2024-10-30 11:39:22,2024-10-30 11:39:22,0.02,26C3296D96D511EF937150EBF6EE7050,85935.85,92284.30,54.03
2024-10-30 P2328 Group 2 Rev 2 R01 PP1,1377.11,1377.11,0.85,0.00,0.00,0.00,58412.56,35027.29,38443.10,1.83,90.00,90.00,905.00,1722.00,0.00,0.00,0.00,0.00,0.00,0.00,0.00,0.86,0.88,0.99,1.14,150.08,1.00,2024-10-30 11:39:22,41.87,43.91,41.87,113.81,51.81,1.00,-80.00,0.00,0.00,1.20,0.00,1.00,42.05,42.05,87,40.00,36.00,65.47,50.37,1.00,168.22,0.00,0.00,0.00,1.12,44.31,42978,0.00,0.00,0.00,0.00,0.94,38494.00,0.86,2024-10-30 11:39:22,2024-10-30 11:39:22,0.05,26C32CBE96D511EF937150EBF6EE7050,38443.10,44321.60,39.38
2024-10-30 P2328 Group 2 Rev 2 R01 PP1,2118.99,2118.99,0.91,0.00,0.00,0.00,110953.96,70061.57,73376.76,1.83,91.00,91.00,924.00,140.00,0.00,0.00,0.00,0.00,0.00,0.00,0.00,0.87,0.82,0.99,1.21,184.04,1.00,2024-10-30 11:39:22,51.94,54.80,51.94,227.10,54.39,1.00,5.00,-90.00,0.00,1.18,0.00,1.00,52.08,52.08,88,42.00,47.00,31.68,61.36,1.00,208.33,0.00,0.00,0.00,1.13,42.17,42979,0.00,0.00,0.00,0.00,0.91,26867.00,0.83,2024-10-30 11:39:22,2024-10-30 11:39:22,0.05,26C32EE196D511EF937150EBF6EE7050,73376.76,86145.01,50.37
2024-10-30 P2328 Group 2 Rev 2 R01 PP1,1876.79,1876.79,0.96,0.00,0.00,0.00,87928.15,60151.57,61162.95,1.83,92.00,92.00,860.00,1181.00,0.00,0.00,0.00,0.00,0.00,0.00,0.00,0.90,0.87,1.00,1.15,171.13,1.00,2024-10-30 11:39:22,48.88,50.88,48.88,157.22,55.89,1.00,-70.00,0.00,0.00,1.12,0.00,1.00,48.20,48.20,89,43.00,41.00,45.88,54.03,1.00,192.78,0.00,0.00,0.00,1.13,47.80,42980,0.00,0.00,0.00,0.00,0.93,35050.00,0.81,2024-10-30 11:39:22,2024-10-30 11:39:22,0.04,26C3310096D511EF937150EBF6EE7050,61162.95,68957.74,48.54
2024-10-30 P2328 Group 2 Rev 2 R01 PP1,1025.39,1025.39,0.92,0.00,0.00,0.00,35233.28,23523.25,24699.91,1.83,93.00,93.00,141.00,293.00,0.00,0.00,0.00,0.00,0.00,0.00,0.00,0.93,0.96,1.00,1.04,128.76,1.00,2024-10-30 11:39:22,36.13,37.55,36.13,210.35,57.06,1.00,-85.00,-25.00,0.00,1.11,0.00,1.00,35.53,35.53,90,35.00,34.00,45.37,39.38,1.00,142.13,0.00,0.00,0.00,1.10,43.48,42981,0.00,0.00,0.00,0.00,0.98,20917.00,0.91,2024-10-30 11:39:22,2024-10-30 11:39:22,0.04,26C3332E96D511EF937150EBF6EE7050,24699.91,27717.38,33.88
2024-10-30 P2328 Group 2 Rev 2 R01 PP1,3823.81,3823.81,0.97,0.00,0.00,0.00,203808.40,175035.16,177871.94,1.83,94.00,94.00,861.00,1104.00,0.00,0.00,0.00,0.00,0.00,0.00,0.00,0.96,0.92,1.00,1.08,235.02,1.00,2024-10-30 11:39:22,69.78,71.03,69.78,205.72,57.23,1.00,-25.00,55.00,0.00,1.16,0.00,1.00,63.78,63.78,91,53.00,53.00,30.07,74.18,1.00,255.14,0.00,0.00,0.00,1.09,37.16,42982,0.00,0.00,0.00,0.00,0.96,42855.00,0.94,2024-10-30 11:39:22,2024-10-30 11:39:22,0.02,26C3355296D511EF937150EBF6EE7050,177871.94,187602.78,68.69
2024-10-30 P2328 Group 2 Rev 2 R01 PP1,2217.59,2217.59,0.96,0.00,0.00,0.00,94304.87,76555.98,78557.10,1.83,95.00,95.00,237.00,242.00,0.00,0.00,0.00,0.00,0.00,0.00,0.00,0.95,0.95,1.00,1.05,182.44,1.00,2024-10-30 11:39:22,53.14,54.29,53.14,136.43,57.39,1.00,-85.00,0.00,0.00,1.13,0.00,1.00,49.33,49.33,92,44.00,43.00,49.76,55.86,1.00,197.34,0.00,0.00,0.00,1.08,45.35,42983,0.00,0.00,0.00,0.00,0.98,43889.00,0.94,2024-10-30 11:39:22,2024-10-30 11:39:22,0.02,26C3377296D511EF937150EBF6EE7050,78557.10,83767.64,52.20
2024-10-30 P2328 Group 2 Rev 2 R01 PP1,1782.24,1782.24,0.99,0.00,0.00,0.00,73732.13,56332.17,56599.35,1.83,96.00,96.00,654.00,69.00,0.00,0.00,0.00,0.00,0.00,0.00,0.00,0.96,0.93,1.00,1.07,165.38,1.00,2024-10-30 11:39:22,47.64,48.64,47.64,128.47,57.64,1.00,-25.00,-90.00,0.00,1.11,0.00,1.00,45.45,45.45,93,40.00,41.00,52.18,50.37,1.00,181.80,0.00,0.00,0.00,1.10,43.89,42984,0.00,0.00,0.00,0.00,0.97,38142.00,0.94,2024-10-30 11:39:22,2024-10-30 11:39:22,0.02,26C3399096D511EF937150EBF6EE7050,56599.35,60249.95,46.71
2024-10-30 P2328 Group 2 Rev 2 R01 PP1,1346.31,1346.31,0.89,0.00,0.00,0.00,57301.95,36510.89,37160.44,1.83,97.00,97.00,166.00,844.00,0.00,0.00,0.00,0.00,0.00,0.00,0.00,0.81,0.87,0.96,1.15,151.35,1.00,2024-10-30 11:39:22,41.40,44.47,41.40,144.92,59.06,1.00,-85.00,-40.00,0.00,1.16,0.00,1.00,41.79,41.79,94,40.00,37.00,57.80,48.54,1.00,167.14,0.00,0.00,0.00,1.10,45.28,42985,0.00,0.00,0.00,0.00,0.93,33351.00,0.72,2024-10-30 11:39:22,2024-10-30 11:39:22,0.07,26C33BB496D511EF937150EBF6EE7050,37160.44,46038.09,39.38
2024-10-30 P2328 Group 2 Rev 2 R01 PP1,1546.10,1546.10,0.93,0.00,0.00,0.00,61631.32,44039.16,45731.95,1.83,98.00,98.00,708.00,1538.00,0.00,0.00,0.00,0.00,0.00,0.00,0.00,0.93,0.93,1.00,1.07,155.40,1.00,2024-10-30 11:39:22,44.37,45.64,44.37,183.38,61.39,1.00,5.00,-85.00,0.00,1.13,0.00,1.00,42.81,42.81,95,39.00,40.00,40.30,48.54,1.00,171.25,0.00,0.00,0.00,1.10,40.05,42986,0.00,0.00,0.00,0.00,0.97,26113.00,0.92,2024-10-30 11:39:22,2024-10-30 11:39:22,0.03,26C33DE596D511EF937150EBF6EE7050,45731.95,49769.16,43.04
2024-10-30 P2328 Group 2 Rev 2 R01 PP1,1719.40,1719.40,0.96,0.00,0.00,0.00,73732.13,52560.63,53632.66,1.83,99.00,99.00,264.00,1132.00,0.00,0.00,0.00,0.00,0.00,0.00,0.00,0.91,0.90,1.00,1.11,164.32,1.00,2024-10-30 11:39:22,46.79,48.44,46.79,191.06,61.73,1.00,-80.00,0.00,0.00,1.15,0.00,1.00,45.45,45.45,96,42.00,39.00,38.90,52.20,1.00,181.80,0.00,0.00,0.00,1.11,40.44,42987,0.00,0.00,0.00,0.00,0.95,27579.00,0.86,2024-10-30 11:39:22,2024-10-30 11:39:22,0.03,26C3400696D511EF937150EBF6EE7050,53632.66,59496.84,44.87
2024-10-30 P2328 Group 2 Rev 2 R01 PP1,2832.53,2832.53,0.88,0.00,0.00,0.00,153771.01,106111.95,113403.39,1.83,100.00,100.00,881.00,1677.00,0.00,0.00,0.00,0.00,0.00,0.00,0.00,0.86,0.85,0.99,1.17,208.08,1.00,2024-10-30 11:39:22,60.05,62.33,60.05,128.05,63.81,1.00,-70.00,25.00,0.00,1.15,0.00,1.00,58.07,58.07,97,48.00,48.00,51.26,66.85,1.00,232.27,0.00,0.00,0.00,1.12,45.74,42988,0.00,0.00,0.00,0.00,0.92,55977.00,0.84,2024-10-30 11:39:22,2024-10-30 11:39:22,0.04,26C3422196D511EF937150EBF6EE7050,113403.39,126762.64,55.86
2024-10-30 P2328 Group 2 Rev 2 R01 PP1,2614.77,2614.77,0.77,0.00,0.00,0.00,140017.19,89292.43,100580.29,1.83,101.00,101.00,588.00,1828.00,0.00,0.00,0.00,0.00,0.00,0.00,0.00,0.74,0.85,0.95,1.18,204.85,1.00,2024-10-30 11:39:22,57.70,61.26,57.70,122.78,65.06,1.00,-50.00,5.00,0.00,1.29,0.00,1.00,56.28,56.28,98,50.00,43.00,55.50,72.35,1.00,225.13,0.00,0.00,0.00,1.10,45.83,42989,0.00,0.00,0.00,0.00,0.92,56495.00,0.77,2024-10-30 11:39:22,2024-10-30 11:39:22,0.06,26C3444696D511EF937150EBF6EE7050,100580.29,120354.54,50.37
2024-10-30 P2328 Group 2 Rev 2 R01 PP1,860.10,860.10,0.69,0.00,0.00,0.00,32578.60,15024.15,18975.39,1.83,102.00,102.00,419.00,65.00,0.00,0.00,0.00,0.00,0.00,0.00,0.00,0.74,0.88,0.93,1.14,123.87,1.00,2024-10-30 11:39:22,33.09,35.67,33.09,169.61,66.56,1.00,-20.00,80.00,0.00,1.24,0.00,1.00,34.62,34.62,99,30.00,37.00,55.64,43.04,1.00,138.47,0.00,0.00,0.00,1.12,43.88,42990,0.00,0.00,0.00,0.00,0.94,22255.00,0.85,2024-10-30 11:39:22,2024-10-30 11:39:22,0.07,26C3466796D511EF937150EBF6EE7050,18975.39,23754.02,26.56
2024-10-30 P2328 Group 2 Rev 2 R01 PP1,1951.54,1951.54,0.97,0.00,0.00,0.00,79410.60,63871.49,64852.86,1.83,103.00,103.00,763.00,149.00,0.00,0.00,0.00,0.00,0.00,0.00,0.00,0.95,0.96,1.00,1.04,172.24,1.00,2024-10-30 11:39:22,49.85,50.93,49.85,129.80,67.14,1.00,-85.00,-45.00,0.00,1.12,0.00,1.00,46.59,46.59,100,42.00,42.00,52.63,52.20,1.00,186.35,0.00,0.00,0.00,1.08,45.42,42991,0.00,0.00,0.00,0.00,0.98,41580.00,0.92,2024-10-30 11:39:22,2024-10-30 11:39:22,0.02,26C3488E96D511EF937150EBF6EE7050,64852.86,69164.82,46.71
2024-10-30 P2328 Group 2 Rev 2 R01 PP1,2915.20,2915.20,0.98,0.00,0.00,0.00,145756.17,117101.36,118404.04,1.83,104.00,104.00,831.00,1058.00,0.00,0.00,0.00,0.00,0.00,0.00,0.00,0.95,0.91,1.00,1.10,207.80,1.00,2024-10-30 11:39:22,60.92,62.17,60.92,209.23,67.14,1.00,-45.00,0.00,0.00,1.14,0.00,1.00,57.04,57.04,101,48.00,48.00,32.23,65.02,1.00,228.16,0.00,0.00,0.00,1.10,38.55,42991,0.00,0.00,0.00,0.00,0.95,36099.00,0.94,2024-10-30 11:39:22,2024-10-30 11:39:22,0.02,26C34AAB96D511EF937150EBF6EE7050,118404.04,125833.61,61.36
2024-10-30 P2328 Group 2 Rev 2 R01 PP1,2714.69,2714.69,0.99,0.00,0.00,0.00,121248.63,105735.59,106400.46,1.83,105.00,105.00,468.00,8.00,0.00,0.00,0.00,0.00,0.00,0.00,0.00,0.97,0.96,1.00,1.04,199.95,1.00,2024-10-30 11:39:22,58.79,59.88,58.79,250.38,67.23,1.00,-75.00,0.00,0.00,1.14,0.00,1.00,53.64,53.64,102,46.00,46.00,24.83,61.36,1.00,214.58,0.00,0.00,0.00,1.07,32.72,42992,0.00,0.00,0.00,0.00,0.98,26125.00,0.97,2024-10-30 11:39:22,2024-10-30 11:39:22,0.02,26C34CCF96D511EF937150EBF6EE7050,106400.46,112437.82,57.70
2024-10-30 P2328 Group 2 Rev 2 R01 PP1,1787.96,1787.96,0.98,0.00,0.00,0.00,72434.36,56163.04,56872.07,1.83,106.00,106.00,935.00,158.00,0.00,0.00,0.00,0.00,0.00,0.00,0.00,0.95,0.95,1.00,1.06,165.66,1.00,2024-10-30 11:39:22,47.71,48.74,47.71,231.18,67.31,1.00,-80.00,0.00,0.00,1.11,0.00,1.00,45.18,45.18,103,41.00,40.00,31.04,50.37,1.00,180.72,0.00,0.00,0.00,1.09,38.60,42993,0.00,0.00,0.00,0.00,0.97,22749.00,0.92,2024-10-30 11:39:22,2024-10-30 11:39:22,0.02,26C34EFC96D511EF937150EBF6EE7050,56872.07,60628.88,46.71
2024-10-30 P2328 Group 2 Rev 2 R01 PP1,2026.49,2026.49,0.96,0.00,0.00,0.00,85024.58,67033.70,68624.47,1.83,107.00,107.00,919.00,983.00,0.00,0.00,0.00,0.00,0.00,0.00,0.00,0.95,0.95,1.00,1.06,174.80,1.00,2024-10-30 11:39:22,50.80,51.90,50.80,206.20,68.14,1.00,-70.00,0.00,0.00,1.13,0.00,1.00,47.66,47.66,104,42.00,42.00,36.51,54.03,1.00,190.64,0.00,0.00,0.00,1.09,40.34,42994,0.00,0.00,0.00,0.00,0.97,29793.00,0.94,2024-10-30 11:39:22,2024-10-30 11:39:22,0.02,26C3512396D511EF937150EBF6EE7050,68624.47,73178.51,50.37
2024-10-30 P2328 Group 2 Rev 2 R01 PP1,790.57,790.57,1.00,0.00,0.00,0.00,26452.48,16717.07,16721.32,1.83,108.00,108.00,946.00,1041.00,0.00,0.00,0.00,0.00,0.00,0.00,0.00,0.94,0.94,1.00,1.06,115.09,1.00,2024-10-30 11:39:22,31.73,32.87,31.73,227.34,69.14,1.00,20.00,0.00,0.00,1.05,0.00,1.00,32.29,32.29,105,32.00,32.00,40.37,33.88,1.00,129.18,0.00,0.00,0.00,1.12,40.61,42995,0.00,0.00,0.00,0.00,0.97,15099.00,0.88,2024-10-30 11:39:22,2024-10-30 11:39:22,0.03,26C3533C96D511EF937150EBF6EE7050,16721.32,18590.05,32.05
2024-10-30 P2328 Group 2 Rev 2 R01 PP1,2145.06,2145.06,0.95,0.00,0.00,0.00,90639.82,72557.29,74734.99,1.83,109.00,109.00,679.00,1300.00,0.00,0.00,0.00,0.00,0.00,0.00,0.00,0.95,0.95,1.00,1.05,179.40,1.00,2024-10-30 11:39:22,52.26,53.37,52.26,188.26,70.39,1.00,-75.00,0.00,0.00,1.15,0.00,1.00,48.69,48.69,106,44.00,42.00,38.04,55.86,1.00,194.75,0.00,0.00,0.00,1.09,39.56,42996,0.00,0.00,0.00,0.00,0.98,32600.00,0.96,2024-10-30 11:39:22,2024-10-30 11:39:22,0.02,26C3555F96D511EF937150EBF6EE7050,74734.99,79599.34,50.37
2024-10-30 P2328 Group 2 Rev 2 R01 PP1,3345.44,3345.44,0.93,0.00,0.00,0.00,168786.00,139740.89,145560.42,1.83,110.00,110.00,262.00,1605.00,0.00,0.00,0.00,0.00,0.00,0.00,0.00,0.93,0.93,1.00,1.08,220.86,1.00,2024-10-30 11:39:22,65.27,66.50,65.27,154.47,71.89,1.00,-85.00,0.00,0.00,1.15,0.00,1.00,59.90,59.90,107,51.00,49.00,36.51,68.69,1.00,239.59,0.00,0.00,0.00,1.08,38.29,42997,0.00,0.00,0.00,0.00,0.96,46189.00,0.94,2024-10-30 11:39:22,2024-10-30 11:39:22,0.02,26C3577B96D511EF937150EBF6EE7050,145560.42,153960.67,63.19
2024-10-30 P2328 Group 2 Rev 2 R01 PP1,1899.77,1899.77,0.98,0.00,0.00,0.00,77486.53,61524.55,62289.53,1.83,111.00,111.00,738.00,702.00,0.00,0.00,0.00,0.00,0.00,0.00,0.00,0.96,0.95,1.00,1.05,169.51,1.00,2024-10-30 11:39:22,49.18,50.06,49.18,224.23,72.23,1.00,-80.00,0.00,0.00,1.13,0.00,1.00,46.21,46.21,108,42.00,41.00,34.14,52.20,1.00,184.83,0.00,0.00,0.00,1.09,39.93,42998,0.00,0.00,0.00,0.00,0.98,26357.00,0.94,2024-10-30 11:39:22,2024-10-30 11:39:22,0.02,26C3599596D511EF937150EBF6EE7050,62289.53,65700.45,48.54
2024-10-30 P2328 Group 2 Rev 2 R01 PP1,2116.10,2116.10,0.99,0.00,0.00,0.00,89149.96,72788.07,73226.43,1.83,112.00,112.00,732.00,100.00,0.00,0.00,0.00,0.00,0.00,0.00,0.00,0.96,0.95,1.00,1.05,178.19,1.00,2024-10-30 11:39:22,51.91,52.91,51.91,127.84,73.31,1.00,5.00,45.00,0.00,1.12,0.00,1.00,48.42,48.42,109,43.00,43.00,51.26,54.03,1.00,193.67,0.00,0.00,0.00,1.09,45.48,42999,0.00,0.00,0.00,0.00,0.98,43413.00,0.95,2024-10-30 11:39:22,2024-10-30 11:39:22,0.02,26C35BC696D511EF937150EBF6EE7050,73226.43,77568.08,50.37
2024-10-30 P2328 Group 2 Rev 2 R01 PP1,2040.92,2040.92,0.98,0.00,0.00,0.00,87676.51,68653.84,69359.04,1.83,113.00,113.00,474.00,881.00,0.00,0.00,0.00,0.00,0.00,0.00,0.00,0.96,0.93,1.00,1.07,176.01,1.00,2024-10-30 11:39:22,50.98,52.10,50.98,220.26,74.23,1.00,5.00,25.00,0.00,1.12,0.00,1.00,48.15,48.15,110,43.00,43.00,35.85,54.03,1.00,192.60,0.00,0.00,0.00,1.09,39.70,43000,0.00,0.00,0.00,0.00,0.97,29430.00,0.95,2024-10-30 11:39:22,2024-10-30 11:39:22,0.02,26C35DEE96D511EF937150EBF6EE7050,69359.04,74042.81,50.37
2024-10-30 P2328 Group 2 Rev 2 R01 PP1,5581.51,5581.51,0.88,0.00,0.00,0.00,390111.28,293656.28,313683.33,1.83,114.00,114.00,247.00,1811.00,0.00,0.00,0.00,0.00,0.00,0.00,0.00,0.83,0.84,0.99,1.19,286.52,1.00,2024-10-30 11:39:22,84.30,87.46,84.30,137.02,75.73,1.00,60.00,0.00,0.00,1.21,0.00,1.00,79.20,79.20,111,64.00,57.00,38.66,96.16,1.00,316.78,0.00,0.00,0.00,1.11,42.31,43001,0.00,0.00,0.00,0.00,0.92,77504.00,0.83,2024-10-30 11:39:22,2024-10-30 11:39:22,0.04,26C3600F96D511EF937150EBF6EE7050,313683.33,350276.22,77.84
2024-10-30 P2328 Group 2 Rev 2 R01 PP1,713.74,713.74,0.88,0.00,0.00,0.00,22793.76,13194.28,14344.26,1.83,115.00,115.00,591.00,1490.00,0.00,0.00,0.00,0.00,0.00,0.00,0.00,0.90,0.96,0.99,1.04,110.39,1.00,2024-10-30 11:39:22,30.15,31.34,30.15,128.90,76.14,1.00,-80.00,0.00,0.00,1.10,0.00,1.00,30.73,30.73,112,32.00,30.00,63.36,33.88,1.00,122.92,0.00,0.00,0.00,1.11,41.05,43002,0.00,0.00,0.00,0.00,0.98,21860.00,0.91,2024-10-30 11:39:22,2024-10-30 11:39:22,0.04,26C3622D96D511EF937150EBF6EE7050,14344.26,16118.52,28.39
2024-10-30 P2328 Group 2 Rev 2 R01 PP1,1492.42,1492.42,0.85,0.00,0.00,0.00,60676.63,40123.28,43371.04,1.83,116.00,116.00,280.00,1511.00,0.00,0.00,0.00,0.00,0.00,0.00,0.00,0.84,0.91,0.98,1.09,155.47,1.00,2024-10-30 11:39:22,43.59,45.64,43.59,129.23,76.14,1.00,-45.00,-90.00,0.00,1.18,0.00,1.00,42.59,42.59,113,37.00,40.00,51.30,50.37,1.00,170.36,0.00,0.00,0.00,1.10,41.11,43002,0.00,0.00,0.00,0.00,0.96,32268.00,0.82,2024-10-30 11:39:22,2024-10-30 11:39:22,0.04,26C3644B96D511EF937150EBF6EE7050,43371.04,49769.16,41.21
2024-10-30 P2328 Group 2 Rev 2 R01 PP1,2217.59,2217.59,0.90,0.00,0.00,0.00,95851.46,74000.98,78557.10,1.83,118.00,118.00,434.00,1714.00,0.00,0.00,0.00,0.00,0.00,0.00,0.00,0.91,0.94,0.99,1.06,182.79,1.00,2024-10-30 11:39:22,53.14,54.44,53.14,136.44,80.64,1.00,-80.00,0.00,0.00,1.16,0.00,1.00,49.60,49.60,114,45.00,42.00,47.41,57.70,1.00,198.41,0.00,0.00,0.00,1.09,41.86,43003,0.00,0.00,0.00,0.00,0.97,41814.00,0.95,2024-10-30 11:39:22,2024-10-30 11:39:22,0.02,26C3689D96D511EF937150EBF6EE7050,78557.10,84476.20,50.37
2024-10-30 P2328 Group 2 Rev 2 R01 PP1,787.90,787.90,0.87,0.00,0.00,0.00,25798.81,15189.10,16636.92,1.83,119.00,119.00,673.00,1620.00,0.00,0.00,0.00,0.00,0.00,0.00,0.00,0.90,0.96,0.99,1.04,115.31,1.00,2024-10-30 11:39:22,31.67,32.97,31.67,117.38,81.39,1.00,-75.00,0.00,0.00,1.17,0.00,1.00,32.03,32.03,115,33.00,31.00,67.72,37.55,1.00,128.10,0.00,0.00,0.00,1.11,41.12,43004,0.00,0.00,0.00,0.00,0.98,25260.00,0.91,2024-10-30 11:39:22,2024-10-30 11:39:22,0.04,26C36AB796D511EF937150EBF6EE7050,16636.92,18763.25,30.22
2024-10-30 P2328 Group 2 Rev 2 R01 PP1,1003.56,1003.56,0.89,0.00,0.00,0.00,36853.35,22632.52,23915.30,1.83,120.00,120.00,493.00,556.00,0.00,0.00,0.00,0.00,0.00,0.00,0.00,0.87,0.92,0.98,1.09,129.60,1.00,2024-10-30 11:39:22,35.75,37.50,35.75,202.18,81.73,1.00,40.00,0.00,0.00,1.14,0.00,1.00,36.07,36.07,116,35.00,33.00,46.81,41.21,1.00,144.27,0.00,0.00,0.00,1.11,45.50,43005,0.00,0.00,0.00,0.00,0.96,21207.00,0.86,2024-10-30 11:39:22,2024-10-30 11:39:22,0.05,26C36CD596D511EF937150EBF6EE7050,23915.30,27604.86,33.88
2024-10-30 P2328 Group 2 Rev 2 R01 PP1,2682.33,2682.33,0.92,0.00,0.00,0.00,123838.99,99839.38,104504.06,1.83,121.00,121.00,260.00,1475.00,0.00,0.00,0.00,0.00,0.00,0.00,0.00,0.93,0.94,1.00,1.06,199.22,1.00,2024-10-30 11:39:22,58.44,59.48,58.44,162.05,83.31,1.00,-80.00,0.00,0.00,1.17,0.00,1.00,54.02,54.02,117,48.00,45.00,37.20,63.19,1.00,216.10,0.00,0.00,0.00,1.08,38.15,43006,0.00,0.00,0.00,0.00,0.97,38724.00,0.96,2024-10-30 11:39:22,2024-10-30 11:39:22,0.02,26C36F0096D511EF937150EBF6EE7050,104504.06,110160.67,55.86
2024-10-30 P2328 Group 2 Rev 2 R01 PP1,1842.37,1842.37,0.96,0.00,0.00,0.00,79410.60,58143.31,59487.84,1.83,122.00,122.00,522.00,1382.00,0.00,0.00,0.00,0.00,0.00,0.00,0.00,0.94,0.91,1.00,1.10,168.66,1.00,2024-10-30 11:39:22,48.43,49.71,48.43,166.80,84.56,1.00,-40.00,20.00,0.00,1.12,0.00,1.00,46.59,46.59,118,42.00,41.00,42.30,52.20,1.00,186.35,0.00,0.00,0.00,1.10,40.97,43007,0.00,0.00,0.00,0.00,0.96,31810.00,0.93,2024-10-30 11:39:22,2024-10-30 11:39:22,0.03,26C3712D96D511EF937150EBF6EE7050,59487.84,64308.25,46.71
2024-10-30 P2328 Group 2 Rev 2 R01 PP1,2026.49,2026.49,0.93,0.00,0.00,0.00,85024.58,65726.34,68624.47,1.83,123.00,123.00,847.00,1522.00,0.00,0.00,0.00,0.00,0.00,0.00,0.00,0.92,0.95,1.00,1.06,175.64,1.00,2024-10-30 11:39:22,50.80,52.10,50.80,140.46,85.23,1.00,-80.00,0.00,0.00,1.17,0.00,1.00,47.66,47.66,119,43.00,41.00,47.05,55.86,1.00,190.64,0.00,0.00,0.00,1.09,42.29,43008,0.00,0.00,0.00,0.00,0.97,38389.00,0.91,2024-10-30 11:39:22,2024-10-30 11:39:22,0.03,26C3734E96D511EF937150EBF6EE7050,68624.47,74042.81,48.54
2024-10-30 P2328 Group 2 Rev 2 R01 PP1,2673.51,2673.51,0.96,0.00,0.00,0.00,123838.99,101393.81,103989.07,1.83,124.00,124.00,400.00,1300.00,0.00,0.00,0.00,0.00,0.00,0.00,0.00,0.95,0.94,1.00,1.07,198.97,1.00,2024-10-30 11:39:22,58.34,59.58,58.34,192.97,86.06,1.00,-85.00,0.00,0.00,1.14,0.00,1.00,54.02,54.02,120,47.00,46.00,34.02,61.36,1.00,216.10,0.00,0.00,0.00,1.09,37.16,43009,0.00,0.00,0.00,0.00,0.97,35308.00,0.96,2024-10-30 11:39:22,2024-10-30 11:39:22,0.02,26C3757996D511EF937150EBF6EE7050,103989.07,110727.04,57.70
2024-10-30 P2328 Group 2 Rev 2 R01 PP1,2116.10,2116.10,0.86,0.00,0.00,0.00,109248.46,68592.40,73226.43,1.83,125.00,125.00,542.00,88.00,0.00,0.00,0.00,0.00,0.00,0.00,0.00,0.81,0.83,0.97,1.20,184.98,1.00,2024-10-30 11:39:22,51.91,54.85,51.91,224.33,86.31,1.00,-30.00,-90.00,0.00,1.18,0.00,1.00,51.81,51.81,121,41.00,47.00,33.90,61.36,1.00,207.25,0.00,0.00,0.00,1.12,41.87,43010,0.00,0.00,0.00,0.00,0.91,28717.00,0.78,2024-10-30 11:39:22,2024-10-30 11:39:22,0.05,26C377A296D511EF937150EBF6EE7050,73226.43,86385.19,48.54
2024-10-30 P2328 Group 2 Rev 2 R01 PP1,1965.94,1965.94,0.99,0.00,0.00,0.00,81605.68,65138.94,65571.87,1.83,126.00,126.00,538.00,710.00,0.00,0.00,0.00,0.00,0.00,0.00,0.00,0.96,0.95,1.00,1.06,172.42,1.00,2024-10-30 11:39:22,50.03,51.13,50.03,230.53,88.31,1.00,15.00,0.00,0.00,1.11,0.00,1.00,47.01,47.01,122,42.00,41.00,33.78,52.20,1.00,188.05,0.00,0.00,0.00,1.09,39.54,43011,0.00,0.00,0.00,0.00,0.97,26858.00,0.95,2024-10-30 11:39:22,2024-10-30 11:39:22,0.02,26C379C396D511EF937150EBF6EE7050,65571.87,69997.29,48.54
2024-10-30 P2328 Group 2 Rev 2 R01 PP1,1055.48,1055.48,0.93,0.00,0.00,0.00,36037.24,24599.87,25795.02,1.83,128.00,128.00,602.00,1357.00,0.00,0.00,0.00,0.00,0.00,0.00,0.00,0.93,0.97,1.00,1.03,130.55,1.00,2024-10-30 11:39:22,36.66,37.85,36.66,153.84,89.48,1.00,-85.00,0.00,0.00,1.10,0.00,1.00,35.80,35.80,123,35.00,34.00,51.72,39.38,1.00,143.20,0.00,0.00,0.00,1.10,41.88,43012,0.00,0.00,0.00,0.00,0.99,24411.00,0.93,2024-10-30 11:39:22,2024-10-30 11:39:22,0.03,26C37E1796D511EF937150EBF6EE7050,25795.02,28398.92,35.72
2024-10-30 P2328 Group 2 Rev 2 R01 PP1,2116.10,2116.10,0.96,0.00,0.00,0.00,94943.45,71825.67,73226.43,1.83,129.00,129.00,256.00,118.00,0.00,0.00,0.00,0.00,0.00,0.00,0.00,0.93,0.91,1.00,1.10,179.89,1.00,2024-10-30 11:39:22,51.91,53.52,51.91,240.22,91.23,1.00,-15.00,40.00,0.00,1.17,0.00,1.00,49.45,49.45,124,43.00,45.00,31.11,57.70,1.00,197.78,0.00,0.00,0.00,1.10,38.29,43013,0.00,0.00,0.00,0.00,0.96,26352.00,0.91,2024-10-30 11:39:22,2024-10-30 11:39:22,0.03,26C3803796D511EF937150EBF6EE7050,73226.43,80284.23,50.37
2024-10-30 P2328 Group 2 Rev 2 R01 PP1,1739.38,1739.38,0.95,0.00,0.00,0.00,71681.26,53283.80,54569.96,1.83,130.00,130.00,876.00,851.00,0.00,0.00,0.00,0.00,0.00,0.00,0.00,0.91,0.93,0.99,1.07,164.85,1.00,2024-10-30 11:39:22,47.06,48.64,47.06,203.41,94.98,1.00,-85.00,25.00,0.00,1.16,0.00,1.00,45.02,45.02,125,42.00,40.00,38.52,52.20,1.00,180.09,0.00,0.00,0.00,1.09,40.73,43014,0.00,0.00,0.00,0.00,0.96,27578.00,0.86,2024-10-30 11:39:22,2024-10-30 11:39:22,0.03,26C3825496D511EF937150EBF6EE7050,54569.96,60249.95,44.87
2024-10-30 P2328 Group 2 Rev 2 R01 PP1,1799.40,1799.40,0.96,0.00,0.00,0.00,72970.05,56230.68,57419.02,1.83,131.00,131.00,458.00,1265.00,0.00,0.00,0.00,0.00,0.00,0.00,0.00,0.95,0.95,1.00,1.06,165.73,1.00,2024-10-30 11:39:22,47.87,48.89,47.87,185.76,95.39,1.00,80.00,0.00,0.00,1.15,0.00,1.00,45.29,45.29,126,42.00,40.00,39.88,52.20,1.00,181.17,0.00,0.00,0.00,1.09,39.74,43015,0.00,0.00,0.00,0.00,0.97,29391.00,0.94,2024-10-30 11:39:22,2024-10-30 11:39:22,0.02,26C3846E96D511EF937150EBF6EE7050,57419.02,61200.25,46.71
2024-10-30 P2328 Group 2 Rev 2 R01 PP1,2023.60,2023.60,0.89,0.00,0.00,0.00,86468.24,64125.57,68477.92,1.83,132.00,132.00,464.00,1760.00,0.00,0.00,0.00,0.00,0.00,0.00,0.00,0.89,0.93,0.99,1.07,175.59,1.00,2024-10-30 11:39:22,50.76,52.40,50.76,125.97,99.39,1.00,-80.00,0.00,0.00,1.17,0.00,1.00,47.93,47.93,127,44.00,40.00,52.59,55.86,1.00,191.71,0.00,0.00,0.00,1.09,43.26,43016,0.00,0.00,0.00,0.00,0.97,42862.00,0.90,2024-10-30 11:39:22,2024-10-30 11:39:22,0.03,26C3869A96D511EF937150EBF6EE7050,68477.92,75351.99,46.71
2024-10-30 P2328 Group 2 Rev 2 R01 PP1,1862.44,1862.44,0.87,0.00,0.00,0.00,85391.83,58331.81,60462.83,1.83,133.00,133.00,900.00,563.00,0.00,0.00,0.00,0.00,0.00,0.00,0.00,0.74,0.76,0.97,1.31,179.42,0.99,2024-10-30 11:39:22,48.70,53.32,48.70,195.21,100.39,1.40,-70.00,35.00,0.00,1.03,0.00,0.72,59.63,42.70,128,44.00,41.00,40.04,61.36,1.00,204.66,0.00,0.00,0.00,1.14,45.82,43017,0.00,0.00,0.00,0.00,0.87,30394.00,0.68,2024-10-30 11:39:22,2024-10-30 11:39:22,0.09,26C388BA96D511EF937150EBF6EE7050,60462.83,79371.92,46.71
2024-10-30 P2328 Group 2 Rev 2 R01 PP1,1113.13,1113.13,0.79,0.00,0.00,0.00,42228.04,24561.20,27937.33,1.83,134.00,134.00,798.00,1284.00,0.00,0.00,0.00,0.00,0.00,0.00,0.00,0.81,0.91,0.96,1.10,136.53,1.00,2024-10-30 11:39:22,37.65,39.79,37.65,136.23,101.81,1.00,-80.00,0.00,0.00,1.24,0.00,1.00,37.74,37.74,129,39.00,33.00,57.74,46.71,1.00,150.97,0.00,0.00,0.00,1.11,43.90,43018,0.00,0.00,0.00,0.00,0.95,28465.00,0.83,2024-10-30 11:39:22,2024-10-30 11:39:22,0.05,26C38AD696D511EF937150EBF6EE7050,27937.33,32976.40,33.88
2024-10-30 P2328 Group 2 Rev 2 R01 PP1,2130.58,2130.58,0.88,0.00,0.00,0.00,93669.15,68826.95,73979.25,1.83,135.00,135.00,471.00,1692.00,0.00,0.00,0.00,0.00,0.00,0.00,0.00,0.89,0.93,0.99,1.08,180.18,1.00,2024-10-30 11:39:22,52.08,53.42,52.08,136.71,108.91,1.00,-75.00,0.00,0.00,1.17,0.00,1.00,49.22,49.22,130,45.00,41.00,47.55,57.70,1.00,196.89,0.00,0.00,0.00,1.09,41.97,43019,0.00,0.00,0.00,0.00,0.96,40515.00,0.92,2024-10-30 11:39:22,2024-10-30 11:39:22,0.03,26C38CEF96D511EF937150EBF6EE7050,73979.25,79827.20,48.54
2024-10-30 P2328 Group 2 Rev 2 R01 PP1,1500.88,1500.88,0.97,0.00,0.00,0.00,63486.62,43344.78,43740.60,1.83,136.00,136.00,183.00,1319.00,0.00,0.00,0.00,0.00,0.00,0.00,0.00,0.91,0.89,1.00,1.12,155.10,1.00,2024-10-30 11:39:22,43.71,45.74,43.71,149.63,109.89,1.00,-70.00,0.00,0.00,1.12,0.00,1.00,43.24,43.24,131,39.00,38.00,45.77,48.54,1.00,172.95,0.00,0.00,0.00,1.12,41.01,43020,0.00,0.00,0.00,0.00,0.94,28924.00,0.89,2024-10-30 11:39:22,2024-10-30 11:39:22,0.04,26C38F1596D511EF937150EBF6EE7050,43740.60,50102.81,43.04
2024-10-30 P2328 Group 2 Rev 2 R01 PP1,1665.27,1665.27,0.96,0.00,0.00,0.00,70625.15,50380.12,51120.06,1.83,137.00,137.00,904.00,334.00,0.00,0.00,0.00,0.00,0.00,0.00,0.00,0.90,0.91,0.99,1.10,162.49,1.00,2024-10-30 11:39:22,46.05,47.83,46.05,221.78,110.06,1.00,25.00,-90.00,0.00,1.17,0.00,1.00,44.80,44.80,132,39.00,41.00,35.75,52.20,1.00,179.20,0.00,0.00,0.00,1.10,40.40,43021,0.00,0.00,0.00,0.00,0.95,24667.00,0.85,2024-10-30 11:39:22,2024-10-30 11:39:22,0.04,26C3912F96D511EF937150EBF6EE7050,51120.06,57275.20,44.87
2024-10-30 P2328 Group 2 Rev 2 R01 PP1,2520.94,2520.94,0.96,0.00,0.00,0.00,135239.50,95807.42,95215.39,1.83,138.00,138.00,591.00,14.00,0.00,0.00,0.00,0.00,0.00,0.00,0.00,0.83,0.84,0.98,1.19,201.08,1.00,2024-10-30 11:39:22,56.65,60.19,56.65,228.65,111.23,1.00,50.00,0.00,0.00,1.14,0.00,1.00,55.63,55.63,133,46.00,45.00,30.75,63.19,1.00,222.53,0.00,0.00,0.00,1.11,39.16,43022,0.00,0.00,0.00,0.00,0.92,30319.00,0.79,2024-10-30 11:39:22,2024-10-30 11:39:22,0.06,26C3935896D511EF937150EBF6EE7050,95215.39,114166.12,55.86
2024-10-30 P2328 Group 2 Rev 2 R01 PP1,2714.69,2714.69,0.95,0.00,0.00,0.00,128345.82,103542.19,106400.46,1.83,139.00,139.00,702.00,1619.00,0.00,0.00,0.00,0.00,0.00,0.00,0.00,0.95,0.93,1.00,1.08,200.51,1.00,2024-10-30 11:39:22,58.79,59.83,58.79,192.79,111.23,1.00,0.00,-90.00,0.00,1.12,0.00,1.00,54.67,54.67,134,46.00,48.00,33.00,61.36,1.00,218.69,0.00,0.00,0.00,1.09,37.43,43022,0.00,0.00,0.00,0.00,0.96,34716.00,0.95,2024-10-30 11:39:22,2024-10-30 11:39:22,0.02,26C3958296D511EF937150EBF6EE7050,106400.46,112151.48,57.70
2024-10-30 P2328 Group 2 Rev 2 R01 PP1,892.39,892.39,0.61,0.00,0.00,0.00,36037.24,14855.01,20053.89,1.83,140.00,140.00,927.00,1781.00,0.00,0.00,0.00,0.00,0.00,0.00,0.00,0.66,0.85,0.88,1.18,129.24,1.00,2024-10-30 11:39:22,33.71,37.34,33.71,113.30,115.81,1.00,-90.00,0.00,0.00,1.30,0.00,1.00,35.80,35.80,135,40.00,29.00,76.05,46.71,1.00,143.20,0.00,0.00,0.00,1.11,40.89,43023,0.00,0.00,0.00,0.00,0.92,31332.00,0.75,2024-10-30 11:39:22,2024-10-30 11:39:22,0.10,26C397BB96D511EF937150EBF6EE7050,20053.89,27269.13,26.56
2024-10-30 P2328 Group 2 Rev 2 R01 PP1,3285.90,3285.90,0.91,0.00,0.00,0.00,173361.79,135734.73,141691.74,1.83,141.00,141.00,239.00,342.00,0.00,0.00,0.00,0.00,0.00,0.00,0.00,0.86,0.90,0.99,1.11,222.18,1.00,2024-10-30 11:39:22,64.68,66.90,64.68,238.82,118.23,1.00,15.00,-90.00,0.00,1.23,0.00,1.00,60.43,60.43,136,49.00,51.00,28.06,74.18,1.00,241.74,0.00,0.00,0.00,1.09,37.48,43024,0.00,0.00,0.00,0.00,0.95,34930.00,0.83,2024-10-30 11:39:22,2024-10-30 11:39:22,0.03,26C399DF96D511EF937150EBF6EE7050,141691.74,156805.14,63.19
