Name,Area (ABD) (µm²),Area (Filled) (µm²),Aspect Ratio,Biovolume (Cylinder) (µm³),Biovolume (P. Spheroid) (µm³),Biovolume (Sphere) (µm³),Capture ID,Capture X (px),Capture Y (px),Ch1 Area,Ch2 Area,Ch2/Ch1 Ratio,Circle Fit,Circularity,Circularity (Hu),Convex Perimeter (µm),Convexity,Diameter (ABD) (µm),Diameter (ESD) (µm),Diameter (FD) (µm),Edge Gradient,Elongation,Feret Angle Max (°),Feret Angle Min (°),Fiber Straightness,Geodesic Aspect Ratio,Geodesic Length (µm),Geodesic Thickness (µm),Length (µm),Particles Per Chain,Perimeter (µm),Roughness,Sphere Complement (µm³),Sphere Count,Sphere Unknown (µm³),Sphere Volume (µm³),Sqrt Circularity,Symmetry,Timestamp,Volume (ABD) (µm³),Volume (ESD) (µm³),Width (µm)
2024-07-16 Roux_Virgin Ti64_R01,7136.33,7136.33,0.98,493845.97,449610.11,453498.75,1.00,235.00,1592.00,0.00,0.00,0.00,0.96,0.90,1.00,316.46,1.00,95.32,96.92,95.32,218.53,1.00,60.00,-90.00,1.17,1.00,85.67,85.67,99.82,1.00,342.68,1.08,0.00,0.00,0.00,0.00,0.95,0.96,2024-07-16 13:27:16,453498.75,476725.04,94.33
2024-07-16 Roux_Virgin Ti64_R01,7262.97,7262.97,0.88,612290.10,450164.83,465623.98,2.00,430.00,585.00,0.00,0.00,0.00,0.77,0.79,0.97,332.28,0.98,96.16,101.96,96.16,193.59,1.00,-85.00,0.00,1.26,1.00,92.04,92.04,116.31,1.00,368.14,1.11,0.00,0.00,0.00,0.00,0.89,0.80,2024-07-16 13:27:16,465623.98,554978.52,92.50
2024-07-16 Roux_Virgin Ti64_R01,5884.41,5884.41,0.97,395057.71,335147.62,339561.14,3.00,521.00,486.00,0.00,0.00,0.00,0.93,0.88,1.00,291.09,1.00,86.56,88.78,86.56,254.02,1.00,55.00,25.00,1.16,1.00,79.53,79.53,92.50,1.00,318.11,1.09,0.00,0.00,0.00,0.00,0.94,0.92,2024-07-16 13:27:16,339561.14,366411.69,85.17
2024-07-16 Roux_Virgin Ti64_R01,3542.34,3542.34,0.98,180955.10,157206.48,158598.61,4.00,722.00,1278.00,0.00,0.00,0.00,0.96,0.93,1.00,226.76,1.00,67.16,68.28,67.16,149.24,1.00,60.00,0.00,1.15,1.00,61.30,61.30,70.52,1.00,245.22,1.08,0.00,0.00,0.00,0.00,0.97,0.95,2024-07-16 13:27:16,158598.61,166663.53,66.85
2024-07-16 Roux_Virgin Ti64_R01,3724.86,3724.86,0.93,238115.12,169369.15,171013.01,5.00,507.00,494.00,0.00,0.00,0.00,0.81,0.81,0.98,239.80,0.99,68.87,72.35,68.87,255.00,1.00,75.00,0.00,1.21,1.00,67.18,67.18,81.51,1.00,268.72,1.12,0.00,0.00,0.00,0.00,0.90,0.72,2024-07-16 13:27:16,171013.01,198281.33,68.69
2024-07-16 Roux_Virgin Ti64_R01,1911.26,1911.26,0.97,79646.17,61855.61,62855.75,6.00,637.00,578.00,0.00,0.00,0.00,0.94,0.94,1.00,171.35,1.00,49.33,50.83,49.33,255.00,1.00,40.00,0.00,1.16,1.00,46.63,46.63,54.03,1.00,186.53,1.09,0.00,0.00,0.00,0.00,0.97,0.91,2024-07-16 13:27:16,62855.75,68751.07,48.54
2024-07-16 Roux_Virgin Ti64_R01,1733.67,1733.67,0.96,69884.67,53030.22,54301.53,7.00,477.00,965.00,0.00,0.00,0.00,0.95,0.94,1.00,162.89,1.00,46.98,47.93,46.98,252.30,1.00,-85.00,0.00,1.13,1.00,44.64,44.64,50.37,1.00,178.58,1.10,0.00,0.00,0.00,0.00,0.97,0.95,2024-07-16 13:27:16,54301.53,57641.56,46.71
2024-07-16 Roux_Virgin Ti64_R01,2214.69,2214.69,0.98,94304.87,77297.49,78402.83,8.00,554.00,1088.00,0.00,0.00,0.00,0.96,0.95,1.00,181.93,1.00,53.10,54.08,53.10,255.00,1.00,60.00,0.00,1.13,1.00,49.33,49.33,55.86,1.00,197.34,1.08,0.00,0.00,0.00,0.00,0.98,0.95,2024-07-16 13:27:16,78402.83,82829.08,52.20
2024-07-16 Roux_Virgin Ti64_R01,25662.22,25707.14,0.63,1312070.56,3310817.45,3092468.28,9.00,302.00,1332.00,0.00,0.00,0.00,0.17,0.31,0.74,698.95,0.80,180.76,218.83,180.92,242.06,7.95,-30.00,35.00,0.53,0.13,472.75,59.45,251.84,1.00,1064.39,1.52,0.00,0.00,0.00,0.00,0.56,0.52,2024-07-16 13:27:16,3092468.28,5486449.07,163.93
2024-07-16 Roux_Virgin Ti64_R01,1201.51,1201.51,0.96,42757.63,30619.80,31329.51,10.00,718.00,1439.00,0.00,0.00,0.00,0.95,0.96,1.00,137.99,1.00,39.11,40.09,39.11,215.60,1.00,-85.00,0.00,1.09,1.00,37.90,37.90,41.21,1.00,151.60,1.10,0.00,0.00,0.00,0.00,0.98,0.94,2024-07-16 13:27:16,31329.51,33741.29,37.55
2024-07-16 Roux_Virgin Ti64_R01,7823.07,7823.07,0.99,591125.01,519841.96,520510.52,11.00,457.00,10.00,0.00,0.00,0.00,0.93,0.87,1.00,333.63,1.00,99.80,102.57,99.80,218.78,1.00,55.00,-65.00,1.16,1.00,90.96,90.96,105.32,1.00,363.85,1.09,0.00,0.00,0.00,0.00,0.93,0.93,2024-07-16 13:27:16,520510.52,565008.01,99.82
2024-07-16 Roux_Virgin Ti64_R01,4962.77,4962.77,0.98,289642.11,260686.69,262996.27,12.00,414.00,553.00,0.00,0.00,0.00,0.94,0.92,1.00,266.80,1.00,79.49,81.30,79.49,215.55,1.00,10.00,-90.00,1.19,1.00,71.71,71.71,85.17,1.00,286.85,1.08,0.00,0.00,0.00,0.00,0.96,0.91,2024-07-16 13:27:16,262996.27,281393.04,79.67
2024-07-16 Roux_Virgin Ti64_R01,2797.15,2797.15,0.86,164291.45,104425.07,111285.01,13.00,714.00,635.00,0.00,0.00,0.00,0.80,0.81,0.98,209.74,1.00,59.68,62.88,59.68,248.45,1.00,10.00,-90.00,1.19,1.00,59.36,59.36,70.52,1.00,237.45,1.13,0.00,0.00,0.00,0.00,0.90,0.74,2024-07-16 13:27:16,111285.01,130208.23,55.86
2024-07-16 Roux_Virgin Ti64_R01,2862.04,2862.04,0.98,142519.63,115806.17,115180.09,14.00,698.00,1440.00,0.00,0.00,0.00,0.88,0.91,0.99,208.60,1.00,60.37,62.63,60.37,153.07,1.00,15.00,-45.00,1.18,1.00,56.61,56.61,66.85,1.00,226.46,1.09,0.00,0.00,0.00,0.00,0.95,0.87,2024-07-16 13:27:16,115180.09,128634.42,59.53
2024-07-16 Roux_Virgin Ti64_R01,2682.33,2682.33,0.85,125692.75,95251.63,104504.06,15.00,600.00,1843.00,0.00,0.00,0.00,0.87,0.93,0.99,200.34,1.00,58.44,59.73,58.44,133.05,1.00,-80.00,0.00,1.20,1.00,54.29,54.29,65.02,1.00,217.17,1.08,0.00,0.00,0.00,0.00,0.96,0.95,2024-07-16 13:27:16,104504.06,111580.25,54.03
2024-07-16 Roux_Virgin Ti64_R01,16501.08,16542.34,0.55,1167091.13,1240916.45,1594528.39,16.00,200.00,1643.00,0.00,0.00,0.00,0.34,0.60,0.81,524.53,0.93,144.95,163.01,145.13,154.85,2.86,-85.00,-10.00,0.88,0.35,229.69,80.43,202.39,1.00,620.24,1.18,0.00,0.00,0.00,0.00,0.78,0.49,2024-07-16 13:27:16,1594528.39,2268091.37,119.97
2024-07-16 Roux_Virgin Ti64_R01,8748.50,8748.50,0.56,461352.97,487714.64,615550.82,17.00,414.00,254.00,0.00,0.00,0.00,0.39,0.58,0.81,390.13,0.92,105.54,120.12,105.54,229.35,3.05,80.00,0.00,0.85,0.33,176.02,57.77,149.28,1.00,467.57,1.20,0.00,0.00,0.00,0.00,0.76,0.51,2024-07-16 13:27:16,615550.82,907550.89,87.00
2024-07-16 Roux_Virgin Ti64_R01,1693.74,1693.74,0.98,66382.05,51840.72,52436.71,18.00,540.00,503.00,0.00,0.00,0.00,0.96,0.96,1.00,161.10,1.00,46.44,47.32,46.44,255.00,1.00,-80.00,0.00,1.11,1.00,43.89,43.89,48.54,1.00,175.54,1.09,0.00,0.00,0.00,0.00,0.98,0.95,2024-07-16 13:27:16,52436.71,55466.64,44.87
2024-07-16 Roux_Virgin Ti64_R01,1876.79,1876.79,0.98,76928.93,60332.82,61162.95,19.00,564.00,878.00,0.00,0.00,0.00,0.96,0.95,1.00,169.08,1.00,48.88,50.01,48.88,253.89,1.00,75.00,0.00,1.13,1.00,46.10,46.10,52.20,1.00,184.39,1.09,0.00,0.00,0.00,0.00,0.97,0.92,2024-07-16 13:27:16,61162.95,65500.34,48.54
2024-07-16 Roux_Virgin Ti64_R01,2069.81,2069.81,0.96,89149.96,69162.98,70837.08,20.00,679.00,559.00,0.00,0.00,0.00,0.95,0.93,1.00,176.78,1.00,51.34,52.35,51.34,254.24,1.00,-80.00,20.00,1.12,1.00,48.42,48.42,54.03,1.00,193.67,1.10,0.00,0.00,0.00,0.00,0.97,0.94,2024-07-16 13:27:16,70837.08,75132.73,50.37
2024-07-16 Roux_Virgin Ti64_R01,2603.03,2603.03,0.94,131035.95,96917.89,99903.65,21.00,595.00,828.00,0.00,0.00,0.00,0.92,0.88,1.00,198.27,1.00,57.57,59.17,57.57,228.98,1.00,60.00,-30.00,1.15,1.00,55.05,55.05,63.19,1.00,220.20,1.11,0.00,0.00,0.00,0.00,0.94,0.90,2024-07-16 13:27:16,99903.65,108473.13,55.86
2024-07-16 Roux_Virgin Ti64_R01,3446.80,3446.80,0.95,178590.23,147702.41,152225.36,22.00,668.00,1522.00,0.00,0.00,0.00,0.94,0.92,1.00,224.33,1.00,66.25,67.57,66.25,143.89,1.00,-85.00,5.00,1.16,1.00,61.04,61.04,70.52,1.00,244.15,1.09,0.00,0.00,0.00,0.00,0.96,0.94,2024-07-16 13:27:16,152225.36,161501.76,65.02
2024-07-16 Roux_Virgin Ti64_R01,3003.93,3003.93,0.83,179973.02,115912.88,123850.70,23.00,313.00,388.00,0.00,0.00,0.00,0.74,0.81,0.96,218.83,1.00,61.84,65.94,61.84,255.00,1.00,55.00,0.00,1.24,1.00,61.19,61.19,76.01,1.00,244.77,1.12,0.00,0.00,0.00,0.00,0.90,0.76,2024-07-16 13:27:16,123850.70,150105.99,57.70
2024-07-16 Roux_Virgin Ti64_R01,2591.29,2591.29,0.96,119438.93,97105.31,99228.73,24.00,602.00,482.00,0.00,0.00,0.00,0.95,0.93,1.00,196.07,1.00,57.44,58.76,57.44,255.00,1.00,-15.00,-80.00,1.15,1.00,53.38,53.38,61.36,1.00,213.51,1.09,0.00,0.00,0.00,0.00,0.97,0.95,2024-07-16 13:27:16,99228.73,106250.01,55.86
2024-07-16 Roux_Virgin Ti64_R01,2600.09,2600.09,0.81,135981.36,91351.03,99734.76,25.00,718.00,791.00,0.00,0.00,0.00,0.75,0.77,0.96,204.55,0.99,57.54,61.36,57.54,250.66,1.31,60.00,0.00,1.03,0.76,66.70,50.95,68.69,1.00,235.30,1.15,0.00,0.00,0.00,0.00,0.88,0.72,2024-07-16 13:27:16,99734.76,120955.31,54.03
2024-07-16 Roux_Virgin Ti64_R01,2130.58,2130.58,0.98,94304.87,73414.15,73979.25,26.00,449.00,861.00,0.00,0.00,0.00,0.95,0.92,1.00,180.04,1.00,52.08,53.47,52.08,253.70,1.00,-75.00,25.00,1.13,1.00,49.33,49.33,55.86,1.00,197.34,1.10,0.00,0.00,0.00,0.00,0.96,0.95,2024-07-16 13:27:16,73979.25,80055.50,50.37
2024-07-16 Roux_Virgin Ti64_R01,2220.49,2220.49,0.95,94304.87,76499.02,78711.48,27.00,601.00,1158.00,0.00,0.00,0.00,0.94,0.96,1.00,182.51,1.00,53.17,54.39,53.17,249.43,1.00,-75.00,-90.00,1.13,1.00,49.33,49.33,55.86,1.00,197.34,1.08,0.00,0.00,0.00,0.00,0.98,0.95,2024-07-16 13:27:16,78711.48,84239.57,52.20
2024-07-16 Roux_Virgin Ti64_R01,2232.11,2232.11,0.96,98067.41,77636.52,79330.15,28.00,481.00,1688.00,0.00,0.00,0.00,0.95,0.94,1.00,183.03,1.00,53.31,54.39,53.31,233.01,1.00,-90.00,0.00,1.12,1.00,49.98,49.98,55.86,1.00,199.93,1.09,0.00,0.00,0.00,0.00,0.97,0.95,2024-07-16 13:27:16,79330.15,84239.57,52.20
2024-07-16 Roux_Virgin Ti64_R01,3190.76,3190.76,0.82,196622.00,127123.02,135582.69,29.00,548.00,1719.00,0.00,0.00,0.00,0.74,0.80,0.96,226.76,1.00,63.74,68.38,63.74,223.19,1.00,-60.00,65.00,1.24,1.00,63.03,63.03,77.84,1.00,252.10,1.11,0.00,0.00,0.00,0.00,0.90,0.73,2024-07-16 13:27:16,135582.69,167409.78,57.70
2024-07-16 Roux_Virgin Ti64_R01,3533.38,3533.38,0.85,217745.63,149560.34,157997.02,30.00,612.00,8.00,0.00,0.00,0.00,0.76,0.78,0.97,236.29,0.98,67.07,71.43,67.07,248.23,1.15,-90.00,0.00,1.09,0.87,71.59,62.23,77.84,1.00,267.64,1.13,0.00,0.00,0.00,0.00,0.88,0.66,2024-07-16 13:27:16,157997.02,190846.57,61.36
2024-07-16 Roux_Virgin Ti64_R01,9010.02,9010.02,0.79,671692.97,592854.64,643357.87,31.00,181.00,143.00,0.00,0.00,0.00,0.70,0.75,0.94,377.76,0.97,107.11,116.31,107.11,196.54,1.56,80.00,0.00,1.08,0.64,127.69,81.84,138.29,1.00,419.06,1.11,0.00,0.00,0.00,0.00,0.86,0.77,2024-07-16 13:27:16,643357.87,823780.87,99.82
2024-07-16 Roux_Virgin Ti64_R01,1631.15,1631.15,0.96,65172.27,48554.57,49557.09,32.00,616.00,149.00,0.00,0.00,0.00,0.95,0.94,1.00,158.93,1.00,45.57,46.86,45.57,249.91,1.00,25.00,-90.00,1.11,1.00,43.62,43.62,48.54,1.00,174.47,1.10,0.00,0.00,0.00,0.00,0.97,0.93,2024-07-16 13:27:16,49557.09,53871.85,44.87
2024-07-16 Roux_Virgin Ti64_R01,2550.24,2550.24,0.96,122003.55,94982.99,96880.05,33.00,328.00,247.00,0.00,0.00,0.00,0.93,0.91,1.00,195.71,1.00,56.98,58.41,56.98,248.55,1.00,30.00,-90.00,1.14,1.00,53.76,53.76,61.36,1.00,215.02,1.10,0.00,0.00,0.00,0.00,0.95,0.92,2024-07-16 13:27:16,96880.05,104329.88,55.86
2024-07-16 Roux_Virgin Ti64_R01,2006.29,2006.29,0.99,82185.63,67230.28,67601.07,34.00,656.00,375.00,0.00,0.00,0.00,0.97,0.96,1.00,173.68,1.00,50.54,51.64,50.54,255.00,1.00,-85.00,0.00,1.11,1.00,47.12,47.12,52.20,1.00,188.49,1.09,0.00,0.00,0.00,0.00,0.98,0.94,2024-07-16 13:27:16,67601.07,72107.62,50.37
2024-07-16 Roux_Virgin Ti64_R01,5844.59,5844.59,0.99,356152.44,334840.72,336120.75,35.00,344.00,386.00,0.00,0.00,0.00,0.97,0.93,1.00,286.89,1.00,86.26,87.51,86.26,212.62,1.00,10.00,0.00,1.16,1.00,76.83,76.83,88.83,1.00,307.31,1.07,0.00,0.00,0.00,0.00,0.97,0.97,2024-07-16 13:27:16,336120.75,350887.88,85.17
2024-07-16 Roux_Virgin Ti64_R01,9674.37,9674.37,0.95,754438.94,697335.82,715810.32,36.00,486.00,861.00,0.00,0.00,0.00,0.94,0.90,1.00,365.19,1.00,110.99,112.49,110.99,192.91,1.00,75.00,0.00,1.18,1.00,98.67,98.67,116.31,1.00,394.67,1.08,0.00,0.00,0.00,0.00,0.95,0.95,2024-07-16 13:27:16,715810.32,745331.12,108.98
2024-07-16 Roux_Virgin Ti64_R01,2424.41,2424.41,0.98,107560.53,88727.96,89799.36,37.00,716.00,1210.00,0.00,0.00,0.00,0.96,0.95,1.00,189.76,1.00,55.56,56.47,55.56,220.66,1.00,-85.00,0.00,1.12,1.00,51.55,51.55,57.70,1.00,206.18,1.09,0.00,0.00,0.00,0.00,0.97,0.95,2024-07-16 13:27:16,89799.36,94308.74,55.86
2024-07-16 Roux_Virgin Ti64_R01,1773.66,1773.66,0.98,75593.79,55861.64,56191.21,38.00,628.00,1310.00,0.00,0.00,0.00,0.92,0.91,1.00,166.63,1.00,47.52,49.45,47.52,206.48,1.00,15.00,65.00,1.14,1.00,45.83,45.83,52.20,1.00,183.31,1.10,0.00,0.00,0.00,0.00,0.96,0.89,2024-07-16 13:27:16,56191.21,63325.97,46.71
2024-07-16 Roux_Virgin Ti64_R01,5279.34,5279.34,0.59,364767.33,220571.96,288558.40,39.00,399.00,1624.00,0.00,0.00,0.00,0.51,0.78,0.86,292.49,0.99,81.99,89.34,81.99,211.79,1.21,70.00,-15.00,1.22,0.83,88.03,72.63,107.15,1.00,321.33,1.10,0.00,0.00,0.00,0.00,0.88,0.75,2024-07-16 13:27:16,288558.40,373384.74,63.19
2024-07-16 Roux_Virgin Ti64_R01,3482.61,3482.61,0.95,190623.33,152127.86,154603.99,40.00,488.00,1781.00,0.00,0.00,0.00,0.90,0.89,0.99,227.70,1.00,66.59,68.74,66.59,222.29,1.00,-85.00,0.00,1.16,1.00,62.38,62.38,72.35,1.00,249.51,1.10,0.00,0.00,0.00,0.00,0.94,0.87,2024-07-16 13:27:16,154603.99,170039.21,65.02
2024-07-16 Roux_Virgin Ti64_R01,2185.66,2185.66,0.97,94304.87,75720.32,76866.49,41.00,618.00,285.00,0.00,0.00,0.00,0.96,0.94,1.00,181.01,1.00,52.75,53.83,52.75,253.28,1.00,-60.00,0.00,1.13,1.00,49.33,49.33,55.86,1.00,197.34,1.09,0.00,0.00,0.00,0.00,0.97,0.95,2024-07-16 13:27:16,76866.49,81665.76,52.20
2024-07-16 Roux_Virgin Ti64_R01,1645.36,1645.36,0.96,63977.29,49085.37,50206.06,42.00,687.00,310.00,0.00,0.00,0.00,0.96,0.96,1.00,158.71,1.00,45.77,46.86,45.77,231.54,1.00,-80.00,0.00,1.12,1.00,43.35,43.35,48.54,1.00,173.40,1.09,0.00,0.00,0.00,0.00,0.98,0.95,2024-07-16 13:27:16,50206.06,53871.85,44.87
2024-07-16 Roux_Virgin Ti64_R01,2862.04,2862.04,0.99,132161.16,114746.64,115180.09,43.00,359.00,446.00,0.00,0.00,0.00,0.97,0.95,1.00,204.82,1.00,60.37,61.61,60.37,255.00,1.00,-75.00,0.00,1.14,1.00,55.21,55.21,63.19,1.00,220.83,1.08,0.00,0.00,0.00,0.00,0.98,0.95,2024-07-16 13:27:16,115180.09,122465.98,59.53
2024-07-16 Roux_Virgin Ti64_R01,3128.41,3128.41,0.93,151649.87,125921.06,131628.21,44.00,694.00,797.00,0.00,0.00,0.00,0.93,0.94,1.00,213.78,1.00,63.11,64.06,63.11,182.88,1.00,-90.00,0.00,1.16,1.00,57.80,57.80,66.85,1.00,231.19,1.08,0.00,0.00,0.00,0.00,0.97,0.95,2024-07-16 13:27:16,131628.21,137613.24,59.53
2024-07-16 Roux_Virgin Ti64_R01,2006.29,2006.29,0.94,91261.77,65476.99,67601.07,45.00,445.00,1317.00,0.00,0.00,0.00,0.91,0.90,0.99,176.69,1.00,50.54,52.45,50.54,246.26,1.00,-80.00,15.00,1.18,1.00,48.80,48.80,57.70,1.00,195.19,1.10,0.00,0.00,0.00,0.00,0.95,0.88,2024-07-16 13:27:16,67601.07,75571.67,48.54
2024-07-16 Roux_Virgin Ti64_R01,2835.48,2835.48,0.96,148683.55,111540.63,113580.60,46.00,474.00,1488.00,0.00,0.00,0.00,0.90,0.87,0.99,207.58,1.00,60.09,62.17,60.09,222.49,1.00,-80.00,65.00,1.16,1.00,57.42,57.42,66.85,1.00,229.68,1.11,0.00,0.00,0.00,0.00,0.93,0.88,2024-07-16 13:27:16,113580.60,125833.61,57.70
2024-07-16 Roux_Virgin Ti64_R01,5312.88,5312.88,0.94,327740.42,281839.48,291312.30,47.00,268.00,1732.00,0.00,0.00,0.00,0.91,0.90,1.00,276.71,1.00,82.25,84.51,82.25,136.09,1.00,-85.00,-30.00,1.16,1.00,74.73,74.73,87.00,1.00,298.91,1.08,0.00,0.00,0.00,0.00,0.95,0.93,2024-07-16 13:27:16,291312.30,316003.52,79.67
2024-07-16 Roux_Virgin Ti64_R01,1475.50,1475.50,0.95,56846.08,41379.25,42635.56,48.00,433.00,1757.00,0.00,0.00,0.00,0.94,0.95,1.00,151.47,1.00,43.34,44.52,43.34,223.63,1.00,-85.00,0.00,1.12,1.00,41.67,41.67,46.71,1.00,166.70,1.10,0.00,0.00,0.00,0.00,0.97,0.93,2024-07-16 13:27:16,42635.56,46196.30,41.21
2024-07-16 Roux_Virgin Ti64_R01,1785.10,1785.10,0.99,69364.20,56492.54,56735.65,49.00,420.00,653.00,0.00,0.00,0.00,0.97,0.97,1.00,164.78,1.00,47.67,48.54,47.67,254.93,1.00,-75.00,0.00,1.13,1.00,44.53,44.53,50.37,1.00,178.13,1.08,0.00,0.00,0.00,0.00,0.99,0.95,2024-07-16 13:27:16,56735.65,59872.60,46.71
2024-07-16 Roux_Virgin Ti64_R01,1980.34,1980.34,0.97,83597.07,65214.61,66293.88,50.00,469.00,1291.00,0.00,0.00,0.00,0.94,0.94,1.00,173.58,1.00,50.21,51.39,50.21,254.67,1.00,55.00,-90.00,1.14,1.00,47.39,47.39,54.03,1.00,189.57,1.09,0.00,0.00,0.00,0.00,0.97,0.93,2024-07-16 13:27:16,66293.88,71047.23,48.54
2024-07-16 Roux_Virgin Ti64_R01,3614.09,3614.09,0.76,201773.63,147195.72,163441.70,51.00,543.00,1605.00,0.00,0.00,0.00,0.71,0.76,0.94,243.66,0.99,67.84,73.67,67.84,183.19,1.42,-65.00,0.00,1.10,0.70,80.43,56.52,88.83,1.00,273.90,1.12,0.00,0.00,0.00,0.00,0.87,0.75,2024-07-16 13:27:16,163441.70,209357.59,61.36
2024-07-16 Roux_Virgin Ti64_R01,2153.76,2153.76,0.94,94304.87,72775.04,75189.83,52.00,521.00,1564.00,0.00,0.00,0.00,0.93,0.93,1.00,180.70,1.00,52.37,53.88,52.37,242.49,1.00,10.00,-90.00,1.17,1.00,49.33,49.33,57.70,1.00,197.34,1.09,0.00,0.00,0.00,0.00,0.96,0.94,2024-07-16 13:27:16,75189.83,81897.55,50.37
2024-07-16 Roux_Virgin Ti64_R01,5915.04,5915.04,0.99,363016.79,341014.96,342216.23,53.00,181.00,0.00,0.00,0.00,0.00,0.97,0.93,1.00,288.13,1.00,86.78,87.87,86.78,236.59,1.00,5.00,45.00,1.15,1.00,77.32,77.32,88.83,1.00,309.27,1.07,0.00,0.00,0.00,0.00,0.97,0.97,2024-07-16 13:27:16,342216.23,355189.43,85.17
2024-07-16 Roux_Virgin Ti64_R01,10309.01,10309.01,0.65,673513.65,673872.48,787388.35,54.00,360.00,191.00,0.00,0.00,0.00,0.48,0.67,0.87,410.47,0.96,114.57,126.84,114.57,215.45,2.26,-85.00,0.00,0.92,0.44,163.63,72.39,151.11,1.00,472.05,1.15,0.00,0.00,0.00,0.00,0.82,0.55,2024-07-16 13:27:16,787388.35,1068439.31,97.99
2024-07-16 Roux_Virgin Ti64_R01,1928.52,1928.52,0.98,78843.79,63011.49,63708.74,55.00,542.00,393.00,0.00,0.00,0.00,0.96,0.95,1.00,170.77,1.00,49.55,50.47,49.55,239.78,1.00,10.00,-90.00,1.12,1.00,46.48,46.48,52.20,1.00,185.90,1.09,0.00,0.00,0.00,0.00,0.98,0.96,2024-07-16 13:27:16,63708.74,67315.96,48.54
2024-07-16 Roux_Virgin Ti64_R01,1856.71,1856.71,0.98,75593.79,59447.95,60183.64,56.00,537.00,493.00,0.00,0.00,0.00,0.95,0.95,1.00,168.41,1.00,48.62,49.86,48.62,255.00,1.00,-40.00,0.00,1.14,1.00,45.83,45.83,52.20,1.00,183.31,1.09,0.00,0.00,0.00,0.00,0.97,0.91,2024-07-16 13:27:16,60183.64,64902.47,48.54
2024-07-16 Roux_Virgin Ti64_R01,2281.54,2281.54,0.98,98722.85,80995.97,81979.85,57.00,617.00,590.00,0.00,0.00,0.00,0.95,0.95,1.00,185.13,1.00,53.90,55.10,53.90,214.45,1.00,-25.00,45.00,1.15,1.00,50.09,50.09,57.70,1.00,200.37,1.08,0.00,0.00,0.00,0.00,0.97,0.90,2024-07-16 13:27:16,81979.85,87592.80,52.20
2024-07-16 Roux_Virgin Ti64_R01,5081.38,5081.38,0.97,291550.18,267190.23,272480.77,58.00,469.00,881.00,0.00,0.00,0.00,0.96,0.94,1.00,268.21,1.00,80.44,81.61,80.44,188.16,1.00,-40.00,0.00,1.19,1.00,71.87,71.87,85.17,1.00,287.48,1.07,0.00,0.00,0.00,0.00,0.97,0.97,2024-07-16 13:27:16,272480.77,284574.59,79.67
2024-07-16 Roux_Virgin Ti64_R01,3235.33,3235.33,0.99,159877.40,137668.73,138433.86,59.00,574.00,326.00,0.00,0.00,0.00,0.96,0.94,1.00,217.52,1.00,64.18,65.33,64.18,188.42,1.00,-55.00,30.00,1.14,1.00,58.83,58.83,66.85,1.00,235.30,1.08,0.00,0.00,0.00,0.00,0.97,0.93,2024-07-16 13:27:16,138433.86,145974.87,63.19
2024-07-16 Roux_Virgin Ti64_R01,2803.04,2803.04,0.96,130244.17,108732.48,111637.04,60.00,474.00,1037.00,0.00,0.00,0.00,0.95,0.94,1.00,203.13,1.00,59.74,60.95,59.74,245.92,1.00,15.00,-90.00,1.15,1.00,54.94,54.94,63.19,1.00,219.76,1.08,0.00,0.00,0.00,0.00,0.97,0.96,2024-07-16 13:27:16,111637.04,118564.17,57.70
2024-07-16 Roux_Virgin Ti64_R01,6215.62,6215.62,0.98,389431.58,364205.38,368629.45,61.00,297.00,1368.00,0.00,0.00,0.00,0.97,0.93,1.00,295.09,1.00,88.96,90.00,88.96,224.42,1.00,-55.00,-90.00,1.17,1.00,79.15,79.15,92.50,1.00,316.60,1.07,0.00,0.00,0.00,0.00,0.96,0.96,2024-07-16 13:27:16,368629.45,381738.99,87.00
2024-07-16 Roux_Virgin Ti64_R01,2947.72,2947.72,0.94,144554.95,116315.09,120390.54,62.00,618.00,1561.00,0.00,0.00,0.00,0.92,0.92,1.00,209.05,1.00,61.26,62.68,61.26,167.81,1.00,-85.00,-30.00,1.14,1.00,56.88,56.88,65.02,1.00,227.53,1.09,0.00,0.00,0.00,0.00,0.96,0.87,2024-07-16 13:27:16,120390.54,128948.16,59.53
2024-07-16 Roux_Virgin Ti64_R01,1891.15,1891.15,0.93,78843.79,59248.30,61866.14,63.00,541.00,1621.00,0.00,0.00,0.00,0.93,0.94,1.00,169.97,1.00,49.07,50.27,49.07,206.13,1.00,-90.00,0.00,1.12,1.00,46.48,46.48,52.20,1.00,185.90,1.09,0.00,0.00,0.00,0.00,0.97,0.95,2024-07-16 13:27:16,61866.14,66504.93,46.71
2024-07-16 Roux_Virgin Ti64_R01,1563.08,1563.08,0.96,62797.00,45447.26,46487.50,64.00,530.00,116.00,0.00,0.00,0.00,0.93,0.93,1.00,156.54,1.00,44.61,46.20,44.61,250.53,1.00,-35.00,35.00,1.13,1.00,43.08,43.08,48.54,1.00,172.32,1.10,0.00,0.00,0.00,0.00,0.96,0.89,2024-07-16 13:27:16,46487.50,51622.68,43.04
2024-07-16 Roux_Virgin Ti64_R01,5936.49,5936.49,0.64,361453.16,288824.19,344079.25,65.00,494.00,256.00,0.00,0.00,0.00,0.52,0.73,0.86,311.56,0.97,86.94,95.50,86.94,224.75,1.70,-90.00,0.00,1.02,0.59,110.01,64.68,112.64,1.00,349.38,1.12,0.00,0.00,0.00,0.00,0.86,0.59,2024-07-16 13:27:16,344079.25,456011.55,76.01
2024-07-16 Roux_Virgin Ti64_R01,1948.66,1948.66,0.99,79410.60,64211.55,64709.42,66.00,497.00,356.00,0.00,0.00,0.00,0.96,0.96,1.00,171.79,1.00,49.81,51.03,49.81,255.00,1.00,-85.00,-45.00,1.12,1.00,46.59,46.59,52.20,1.00,186.35,1.08,0.00,0.00,0.00,0.00,0.98,0.93,2024-07-16 13:27:16,64709.42,69580.22,48.54
2024-07-16 Roux_Virgin Ti64_R01,1859.57,1859.57,0.97,77486.53,59306.42,60323.18,67.00,630.00,858.00,0.00,0.00,0.00,0.96,0.94,1.00,168.72,1.00,48.66,49.81,48.66,206.09,1.00,-70.00,0.00,1.13,1.00,46.21,46.21,52.20,1.00,184.83,1.10,0.00,0.00,0.00,0.00,0.97,0.94,2024-07-16 13:27:16,60323.18,64704.00,48.54
2024-07-16 Roux_Virgin Ti64_R01,2538.51,2538.51,0.79,124604.62,85537.05,96212.89,68.00,217.00,907.00,0.00,0.00,0.00,0.77,0.89,0.96,199.62,1.00,56.85,59.68,56.85,149.67,1.00,70.00,-40.00,1.27,1.00,54.14,54.14,68.69,1.00,216.54,1.08,0.00,0.00,0.00,0.00,0.94,0.79,2024-07-16 13:27:16,96212.89,111295.36,52.20
2024-07-16 Roux_Virgin Ti64_R01,1776.52,1776.52,0.97,74274.20,55191.15,56327.13,69.00,612.00,1221.00,0.00,0.00,0.00,0.95,0.93,1.00,164.69,1.00,47.56,48.69,47.56,230.75,1.00,-85.00,0.00,1.11,1.00,45.56,45.56,50.37,1.00,182.24,1.11,0.00,0.00,0.00,0.00,0.96,0.96,2024-07-16 13:27:16,56327.13,60439.22,46.71
2024-07-16 Roux_Virgin Ti64_R01,2805.99,2805.99,0.78,158973.21,98331.76,111813.21,70.00,417.00,1312.00,0.00,0.00,0.00,0.77,0.83,0.96,209.32,1.00,59.77,62.78,59.77,237.32,1.00,-80.00,0.00,1.20,1.00,58.71,58.71,70.52,1.00,234.86,1.12,0.00,0.00,0.00,0.00,0.91,0.82,2024-07-16 13:27:16,111813.21,129577.17,52.20
2024-07-16 Roux_Virgin Ti64_R01,4100.35,4100.35,0.91,219165.01,187087.21,197512.55,71.00,507.00,1605.00,0.00,0.00,0.00,0.91,0.94,1.00,243.08,1.00,72.25,73.47,72.25,149.07,1.00,-80.00,0.00,1.19,1.00,65.35,65.35,77.84,1.00,261.39,1.08,0.00,0.00,0.00,0.00,0.97,0.96,2024-07-16 13:27:16,197512.55,207627.37,68.69
2024-07-16 Roux_Virgin Ti64_R01,6320.04,6320.04,0.98,408863.15,374264.91,377958.23,72.00,463.00,1721.00,0.00,0.00,0.00,0.97,0.91,1.00,298.00,1.00,89.70,91.12,89.70,237.81,1.00,0.00,-90.00,1.15,1.00,80.44,80.44,92.50,1.00,321.78,1.08,0.00,0.00,0.00,0.00,0.96,0.94,2024-07-16 13:27:16,377958.23,396159.23,88.83
2024-07-16 Roux_Virgin Ti64_R01,3763.82,3763.82,0.97,157479.42,192694.36,173703.13,73.00,391.00,244.00,0.00,0.00,0.00,0.68,0.63,0.93,258.49,0.92,69.23,78.56,69.23,254.87,2.60,50.00,-70.00,0.80,0.38,110.80,42.54,88.83,1.00,306.68,1.19,0.00,0.00,0.00,0.00,0.79,0.56,2024-07-16 13:27:16,173703.13,253819.46,70.52
2024-07-16 Roux_Virgin Ti64_R01,1651.05,1651.05,0.89,66887.51,47139.65,50466.56,74.00,646.00,333.00,0.00,0.00,0.00,0.90,0.93,0.99,160.56,1.00,45.85,47.57,45.85,254.87,1.00,75.00,0.00,1.23,1.00,44.00,44.00,54.03,1.00,175.99,1.10,0.00,0.00,0.00,0.00,0.97,0.92,2024-07-16 13:27:16,50466.56,56366.08,43.04
2024-07-16 Roux_Virgin Ti64_R01,2938.85,2938.85,0.70,149604.13,105787.53,119847.55,75.00,640.00,493.00,0.00,0.00,0.00,0.61,0.75,0.89,223.51,0.98,61.17,67.36,61.17,231.09,1.49,60.00,0.00,1.06,0.67,75.18,50.34,79.67,1.00,251.03,1.12,0.00,0.00,0.00,0.00,0.87,0.59,2024-07-16 13:27:16,119847.55,160046.79,54.03
2024-07-16 Roux_Virgin Ti64_R01,4953.65,4953.65,0.97,285069.99,257812.29,262271.77,76.00,479.00,957.00,0.00,0.00,0.00,0.96,0.93,1.00,265.10,1.00,79.42,80.59,79.42,232.39,1.00,-35.00,-90.00,1.17,1.00,71.33,71.33,83.34,1.00,285.33,1.08,0.00,0.00,0.00,0.00,0.97,0.97,2024-07-16 13:27:16,262271.77,274061.83,77.84
2024-07-16 Roux_Virgin Ti64_R01,1710.85,1710.85,0.96,77486.53,52553.57,53232.86,77.00,648.00,1148.00,0.00,0.00,0.00,0.91,0.87,0.99,164.83,1.00,46.67,48.59,46.67,247.06,1.00,0.00,-90.00,1.13,1.00,46.21,46.21,52.20,1.00,184.83,1.12,0.00,0.00,0.00,0.00,0.93,0.88,2024-07-16 13:27:16,53232.86,60061.08,46.71
2024-07-16 Roux_Virgin Ti64_R01,2290.27,2290.27,0.96,101259.15,80557.05,82450.85,78.00,696.00,1402.00,0.00,0.00,0.00,0.95,0.94,1.00,185.22,1.00,54.00,55.30,54.00,221.44,1.00,-80.00,0.00,1.14,1.00,50.52,50.52,57.70,1.00,202.07,1.09,0.00,0.00,0.00,0.00,0.97,0.96,2024-07-16 13:27:16,82450.85,88566.94,52.20
2024-07-16 Roux_Virgin Ti64_R01,3802.81,3802.81,0.63,204841.39,144743.33,176408.71,79.00,640.00,1458.00,0.00,0.00,0.00,0.55,0.75,0.87,252.27,0.98,69.58,76.72,69.58,222.22,1.58,80.00,0.00,1.07,0.63,86.77,54.83,92.50,1.00,283.18,1.12,0.00,0.00,0.00,0.00,0.86,0.57,2024-07-16 13:27:16,176408.71,236475.99,61.36
2024-07-16 Roux_Virgin Ti64_R01,2559.03,2559.03,0.98,117647.33,96062.40,97381.56,80.00,488.00,1476.00,0.00,0.00,0.00,0.96,0.93,1.00,194.87,1.00,57.08,58.41,57.08,219.26,1.00,5.00,35.00,1.12,1.00,53.11,53.11,59.53,1.00,212.43,1.09,0.00,0.00,0.00,0.00,0.97,0.96,2024-07-16 13:27:16,97381.56,104329.88,55.86
2024-07-16 Roux_Virgin Ti64_R01,1685.20,1685.20,0.97,67606.70,51129.75,52040.37,81.00,534.00,232.00,0.00,0.00,0.00,0.94,0.94,1.00,161.41,1.00,46.32,47.27,46.32,255.00,1.00,-60.00,-90.00,1.14,1.00,44.15,44.15,50.37,1.00,176.61,1.09,0.00,0.00,0.00,0.00,0.97,0.94,2024-07-16 13:27:16,52040.37,55287.91,44.87
2024-07-16 Roux_Virgin Ti64_R01,2235.02,2235.02,0.98,98067.41,78717.00,79485.10,82.00,549.00,349.00,0.00,0.00,0.00,0.95,0.94,1.00,183.55,1.00,53.35,54.80,53.35,253.95,1.00,10.00,-90.00,1.15,1.00,49.98,49.98,57.70,1.00,199.93,1.09,0.00,0.00,0.00,0.00,0.97,0.92,2024-07-16 13:27:16,79485.10,86145.01,52.20
2024-07-16 Roux_Virgin Ti64_R01,5312.88,5312.88,0.97,312407.14,287214.63,291312.30,83.00,522.00,561.00,0.00,0.00,0.00,0.97,0.93,1.00,273.80,1.00,82.25,83.24,82.25,216.64,1.00,5.00,-90.00,1.16,1.00,73.54,73.54,85.17,1.00,294.17,1.07,0.00,0.00,0.00,0.00,0.97,0.97,2024-07-16 13:27:16,291312.30,301948.53,81.51
2024-07-16 Roux_Virgin Ti64_R01,3515.45,3515.45,0.98,185747.28,155774.45,156796.37,84.00,447.00,1281.00,0.00,0.00,0.00,0.93,0.91,1.00,227.52,1.00,66.90,68.69,66.90,205.29,1.00,25.00,-5.00,1.17,1.00,61.84,61.84,72.35,1.00,247.36,1.09,0.00,0.00,0.00,0.00,0.95,0.91,2024-07-16 13:27:16,156796.37,169661.90,65.02
2024-07-16 Roux_Virgin Ti64_R01,1787.96,1787.96,0.96,72434.36,55519.72,56872.07,85.00,442.00,1487.00,0.00,0.00,0.00,0.95,0.95,1.00,165.23,1.00,47.71,48.69,47.71,243.16,1.00,80.00,0.00,1.16,1.00,45.18,45.18,52.20,1.00,180.72,1.09,0.00,0.00,0.00,0.00,0.97,0.95,2024-07-16 13:27:16,56872.07,60439.22,46.71
2024-07-16 Roux_Virgin Ti64_R01,7770.40,7770.40,0.67,654202.10,422492.08,515262.41,86.00,496.00,1626.00,0.00,0.00,0.00,0.59,0.81,0.91,343.98,0.99,99.47,105.72,99.47,205.75,1.00,20.00,-45.00,1.29,1.00,94.09,94.09,121.80,1.00,376.36,1.09,0.00,0.00,0.00,0.00,0.90,0.70,2024-07-16 13:27:16,515262.41,618756.33,83.34
2024-07-16 Roux_Virgin Ti64_R01,3211.55,3211.55,0.83,184747.92,126318.46,136910.49,87.00,499.00,1834.00,0.00,0.00,0.00,0.78,0.84,0.97,223.92,1.00,63.95,67.21,63.95,145.93,1.00,-55.00,0.00,1.26,1.00,61.73,61.73,77.84,1.00,246.92,1.10,0.00,0.00,0.00,0.00,0.92,0.80,2024-07-16 13:27:16,136910.49,158961.33,59.53
2024-07-16 Roux_Virgin Ti64_R01,7488.67,7488.67,0.96,518565.95,477483.55,487495.99,88.00,290.00,1835.00,0.00,0.00,0.00,0.95,0.91,1.00,322.79,1.00,97.65,98.75,97.65,222.52,1.00,-70.00,15.00,1.17,1.00,87.08,87.08,101.65,1.00,348.31,1.08,0.00,0.00,0.00,0.00,0.96,0.94,2024-07-16 13:27:16,487495.99,504265.93,96.16
2024-07-16 Roux_Virgin Ti64_R01,3217.50,3217.50,0.78,153762.31,128344.25,137290.75,89.00,518.00,296.00,0.00,0.00,0.00,0.69,0.72,0.93,233.32,0.98,64.01,70.41,64.01,249.26,1.80,-75.00,0.00,0.99,0.56,85.84,47.76,85.17,1.00,267.20,1.15,0.00,0.00,0.00,0.00,0.85,0.65,2024-07-16 13:27:16,137290.75,182806.36,59.53
2024-07-16 Roux_Virgin Ti64_R01,7476.30,7476.30,0.99,518565.95,484875.38,486288.20,90.00,476.00,946.00,0.00,0.00,0.00,0.97,0.91,1.00,323.12,1.00,97.57,99.16,97.57,254.70,1.00,-10.00,-90.00,1.17,1.00,87.08,87.08,101.65,1.00,348.31,1.08,0.00,0.00,0.00,0.00,0.95,0.95,2024-07-16 13:27:16,486288.20,510526.80,97.99
2024-07-16 Roux_Virgin Ti64_R01,1917.01,1917.01,0.96,78843.79,61612.96,63139.60,91.00,552.00,1332.00,0.00,0.00,0.00,0.95,0.95,1.00,170.65,1.00,49.40,50.52,49.40,222.03,1.00,-85.00,0.00,1.12,1.00,46.48,46.48,52.20,1.00,185.90,1.09,0.00,0.00,0.00,0.00,0.97,0.96,2024-07-16 13:27:16,63139.60,67519.74,48.54
2024-07-16 Roux_Virgin Ti64_R01,2829.58,2829.58,0.98,132161.16,111997.93,113226.29,92.00,516.00,1576.00,0.00,0.00,0.00,0.94,0.94,1.00,205.08,1.00,60.02,61.51,60.02,245.38,1.00,50.00,0.00,1.18,1.00,55.21,55.21,65.02,1.00,220.83,1.08,0.00,0.00,0.00,0.00,0.97,0.92,2024-07-16 13:27:16,113226.29,121860.21,59.53
2024-07-16 Roux_Virgin Ti64_R01,3901.86,3901.86,0.94,220749.75,178334.64,183345.66,93.00,461.00,1677.00,0.00,0.00,0.00,0.89,0.89,0.99,240.29,1.00,70.48,72.50,70.48,220.99,1.00,-60.00,-90.00,1.19,1.00,65.50,65.50,77.84,1.00,262.02,1.09,0.00,0.00,0.00,0.00,0.94,0.87,2024-07-16 13:27:16,183345.66,199538.92,68.69
2024-07-16 Roux_Virgin Ti64_R01,2043.81,2043.81,0.86,100317.24,67283.08,69506.31,94.00,663.00,791.00,0.00,0.00,0.00,0.78,0.85,0.96,183.54,1.00,51.01,54.44,51.01,220.18,1.00,70.00,-45.00,1.22,1.00,50.36,50.36,61.36,1.00,201.44,1.10,0.00,0.00,0.00,0.00,0.92,0.76,2024-07-16 13:27:16,69506.31,84476.20,48.54
2024-07-16 Roux_Virgin Ti64_R01,1902.64,1902.64,0.96,80790.17,61127.14,62430.90,95.00,455.00,1382.00,0.00,0.00,0.00,0.93,0.93,1.00,171.05,1.00,49.22,50.52,49.22,250.39,1.00,-15.00,-90.00,1.15,1.00,46.86,46.86,54.03,1.00,187.42,1.10,0.00,0.00,0.00,0.00,0.96,0.88,2024-07-16 13:27:16,62430.90,67519.74,48.54
2024-07-16 Roux_Virgin Ti64_R01,1977.46,1977.46,0.99,83597.07,65998.18,66149.24,96.00,569.00,1467.00,0.00,0.00,0.00,0.95,0.94,1.00,173.26,1.00,50.18,51.39,50.18,247.39,1.00,-85.00,0.00,1.10,1.00,47.39,47.39,52.20,1.00,189.57,1.09,0.00,0.00,0.00,0.00,0.97,0.90,2024-07-16 13:27:16,66149.24,71047.23,50.37
2024-07-16 Roux_Virgin Ti64_R01,2915.20,2915.20,0.74,169974.06,106414.51,118404.04,97.00,385.00,114.00,0.00,0.00,0.00,0.67,0.78,0.92,219.59,0.99,60.92,66.09,60.92,253.32,1.13,-15.00,60.00,1.19,0.88,65.23,57.60,77.84,1.00,245.66,1.12,0.00,0.00,0.00,0.00,0.88,0.67,2024-07-16 13:27:16,118404.04,151150.81,55.86
2024-07-16 Roux_Virgin Ti64_R01,2029.37,2029.37,0.93,105203.25,67058.38,68771.15,98.00,562.00,584.00,0.00,0.00,0.00,0.84,0.82,0.99,180.70,1.00,50.83,53.47,50.83,254.60,1.00,10.00,-90.00,1.16,1.00,51.17,51.17,59.53,1.00,204.66,1.13,0.00,0.00,0.00,0.00,0.91,0.78,2024-07-16 13:27:16,68771.15,80055.50,50.37
2024-07-16 Roux_Virgin Ti64_R01,1759.37,1759.37,0.95,69364.20,53810.64,55513.48,99.00,547.00,762.00,0.00,0.00,0.00,0.95,0.96,1.00,163.80,1.00,47.33,48.23,47.33,255.00,1.00,-85.00,0.00,1.13,1.00,44.53,44.53,50.37,1.00,178.13,1.09,0.00,0.00,0.00,0.00,0.98,0.94,2024-07-16 13:27:16,55513.48,58750.02,44.87
2024-07-16 Roux_Virgin Ti64_R01,4001.04,4001.04,0.79,265462.17,176535.50,190380.62,100.00,493.00,1126.00,0.00,0.00,0.00,0.70,0.81,0.94,253.01,0.99,71.37,76.62,71.37,179.76,1.00,-85.00,0.00,1.28,1.00,69.66,69.66,88.83,1.00,278.63,1.10,0.00,0.00,0.00,0.00,0.90,0.69,2024-07-16 13:27:16,190380.62,235536.35,66.85
2024-07-16 Roux_Virgin Ti64_R01,1942.90,1942.90,0.98,82185.63,63812.71,64422.91,101.00,564.00,1263.00,0.00,0.00,0.00,0.96,0.93,1.00,171.54,1.00,49.74,50.83,49.74,238.05,1.00,-75.00,0.00,1.11,1.00,47.12,47.12,52.20,1.00,188.49,1.10,0.00,0.00,0.00,0.00,0.97,0.94,2024-07-16 13:27:16,64422.91,68751.07,50.37
2024-07-16 Roux_Virgin Ti64_R01,3229.39,3229.39,0.85,198709.05,132278.32,138052.43,102.00,309.00,1752.00,0.00,0.00,0.00,0.74,0.81,0.96,226.07,1.00,64.12,68.13,64.12,137.74,1.00,-40.00,45.00,1.20,1.00,63.25,63.25,76.01,1.00,252.99,1.12,0.00,0.00,0.00,0.00,0.90,0.70,2024-07-16 13:27:16,138052.43,165548.31,59.53
2024-07-16 Roux_Virgin Ti64_R01,4477.60,4477.60,0.88,294262.87,214721.13,225388.80,103.00,500.00,111.00,0.00,0.00,0.00,0.81,0.83,0.98,258.78,1.00,75.51,78.71,75.51,243.17,1.00,-85.00,0.00,1.21,1.00,72.09,72.09,87.00,1.00,288.36,1.11,0.00,0.00,0.00,0.00,0.91,0.82,2024-07-16 13:27:16,225388.80,255301.85,72.35
2024-07-16 Roux_Virgin Ti64_R01,5312.88,5312.88,0.89,383186.70,278957.10,291312.30,104.00,292.00,332.00,0.00,0.00,0.00,0.79,0.82,0.98,284.33,1.00,82.25,86.70,82.25,248.78,1.00,0.00,-90.00,1.24,1.00,78.72,78.72,97.99,1.00,314.90,1.11,0.00,0.00,0.00,0.00,0.90,0.78,2024-07-16 13:27:16,291312.30,341186.47,79.67
2024-07-16 Roux_Virgin Ti64_R01,2142.17,2142.17,0.98,92775.00,73651.55,74583.61,105.00,587.00,420.00,0.00,0.00,0.00,0.96,0.94,1.00,179.40,1.00,52.23,53.32,52.23,197.30,1.00,-90.00,0.00,1.10,1.00,49.07,49.07,54.03,1.00,196.26,1.09,0.00,0.00,0.00,0.00,0.97,0.95,2024-07-16 13:27:16,74583.61,79371.92,52.20
2024-07-16 Roux_Virgin Ti64_R01,2900.43,2900.43,0.85,163981.47,113511.91,117505.17,106.00,500.00,1716.00,0.00,0.00,0.00,0.74,0.78,0.95,216.86,0.99,60.77,65.28,60.77,224.65,1.20,-35.00,-90.00,1.11,0.83,67.01,55.82,74.18,1.00,245.66,1.13,0.00,0.00,0.00,0.00,0.88,0.69,2024-07-16 13:27:16,117505.17,145634.07,59.53
2024-07-16 Roux_Virgin Ti64_R01,2395.21,2395.21,0.76,101175.25,83699.38,88181.79,107.00,384.00,60.00,0.00,0.00,0.00,0.65,0.71,0.91,206.13,0.96,55.22,61.66,55.22,252.61,1.91,5.00,75.00,0.91,0.52,77.69,40.72,70.52,1.00,236.82,1.15,0.00,0.00,0.00,0.00,0.84,0.62,2024-07-16 13:27:16,88181.79,122769.61,52.20
2024-07-16 Roux_Virgin Ti64_R01,8888.57,8888.57,0.67,608474.00,519533.17,630392.87,108.00,327.00,71.00,0.00,0.00,0.00,0.59,0.72,0.91,377.20,0.97,106.38,116.26,106.38,218.20,1.83,-35.00,70.00,1.01,0.55,137.45,75.08,138.29,1.00,425.05,1.13,0.00,0.00,0.00,0.00,0.85,0.80,2024-07-16 13:27:16,630392.87,822700.27,92.50
2024-07-16 Roux_Virgin Ti64_R01,2729.40,2729.40,0.95,140848.05,105214.82,107266.68,109.00,337.00,722.00,0.00,0.00,0.00,0.88,0.88,0.99,204.57,1.00,58.95,61.31,58.95,254.86,1.00,10.00,-90.00,1.19,1.00,56.39,56.39,66.85,1.00,225.57,1.10,0.00,0.00,0.00,0.00,0.94,0.87,2024-07-16 13:27:16,107266.68,120654.68,57.70
2024-07-16 Roux_Virgin Ti64_R01,5063.12,5063.12,0.98,319293.70,270079.10,271013.66,110.00,421.00,731.00,0.00,0.00,0.00,0.92,0.88,1.00,271.93,1.00,80.29,82.73,80.29,233.01,1.00,-30.00,5.00,1.20,1.00,74.08,74.08,88.83,1.00,296.32,1.09,0.00,0.00,0.00,0.00,0.94,0.88,2024-07-16 13:27:16,271013.66,296445.35,79.67
2024-07-16 Roux_Virgin Ti64_R01,2655.88,2655.88,0.96,123838.99,100405.86,102961.97,111.00,572.00,1712.00,0.00,0.00,0.00,0.95,0.93,1.00,198.36,1.00,58.15,59.48,58.15,232.56,1.00,-70.00,0.00,1.14,1.00,54.02,54.02,61.36,1.00,216.10,1.09,0.00,0.00,0.00,0.00,0.97,0.93,2024-07-16 13:27:16,102961.97,110160.67,57.70
2024-07-16 Roux_Virgin Ti64_R01,4635.02,4635.02,0.94,277376.51,229680.82,237378.16,112.00,463.00,21.00,0.00,0.00,0.00,0.92,0.89,1.00,259.33,1.00,76.82,78.91,76.82,227.10,1.00,5.00,-50.00,1.18,1.00,70.68,70.68,83.34,1.00,282.74,1.09,0.00,0.00,0.00,0.00,0.95,0.91,2024-07-16 13:27:16,237378.16,257287.34,74.18
2024-07-16 Roux_Virgin Ti64_R01,2392.29,2392.29,0.95,120186.33,85831.38,88020.64,113.00,435.00,699.00,0.00,0.00,0.00,0.90,0.87,0.99,191.74,1.00,55.19,57.14,55.19,253.89,1.00,-80.00,0.00,1.15,1.00,53.49,53.49,61.36,1.00,213.95,1.12,0.00,0.00,0.00,0.00,0.93,0.90,2024-07-16 13:27:16,88020.64,97661.25,54.03
2024-07-16 Roux_Virgin Ti64_R01,2553.17,2553.17,0.98,115873.74,96110.18,97047.11,114.00,382.00,728.00,0.00,0.00,0.00,0.96,0.94,1.00,194.36,1.00,57.02,58.10,57.02,199.10,1.00,-85.00,45.00,1.13,1.00,52.84,52.84,59.53,1.00,211.36,1.09,0.00,0.00,0.00,0.00,0.97,0.95,2024-07-16 13:27:16,97047.11,102702.58,55.86
2024-07-16 Roux_Virgin Ti64_R01,2829.58,2829.58,0.92,139673.99,108308.53,113226.29,115.00,484.00,1622.00,0.00,0.00,0.00,0.91,0.91,1.00,205.19,1.00,60.02,61.41,60.02,131.93,1.00,-55.00,0.00,1.16,1.00,56.24,56.24,65.02,1.00,224.94,1.10,0.00,0.00,0.00,0.00,0.95,0.91,2024-07-16 13:27:16,113226.29,121256.45,57.70
2024-07-16 Roux_Virgin Ti64_R01,3366.29,3366.29,0.98,172013.12,145227.03,146923.56,116.00,678.00,893.00,0.00,0.00,0.00,0.96,0.92,1.00,221.14,1.00,65.47,66.55,65.47,180.44,1.00,-50.00,0.00,1.14,1.00,60.28,60.28,68.69,1.00,241.11,1.09,0.00,0.00,0.00,0.00,0.96,0.97,2024-07-16 13:27:16,146923.56,154314.33,65.02
2024-07-16 Roux_Virgin Ti64_R01,2092.95,2092.95,0.81,103198.01,65534.63,72028.00,117.00,655.00,1016.00,0.00,0.00,0.00,0.78,0.77,0.96,183.81,1.00,51.62,54.64,51.62,250.02,1.29,-90.00,25.00,1.02,0.77,60.29,46.68,61.36,1.00,213.95,1.16,0.00,0.00,0.00,0.00,0.88,0.77,2024-07-16 13:27:16,72028.00,85427.14,48.54
2024-07-16 Roux_Virgin Ti64_R01,2564.89,2564.89,0.96,115144.34,95580.78,97716.44,118.00,593.00,1840.00,0.00,0.00,0.00,0.95,0.95,1.00,195.00,1.00,57.15,58.36,57.15,217.98,1.00,15.00,-90.00,1.16,1.00,52.73,52.73,61.36,1.00,210.92,1.08,0.00,0.00,0.00,0.00,0.97,0.96,2024-07-16 13:27:16,97716.44,104057.47,55.86
2024-07-16 Roux_Virgin Ti64_R01,2850.23,2850.23,0.98,134904.16,113245.14,114468.17,119.00,722.00,336.00,0.00,0.00,0.00,0.96,0.94,1.00,204.66,1.00,60.24,61.26,60.24,211.88,1.00,-85.00,0.00,1.14,1.00,55.59,55.59,63.19,1.00,222.35,1.09,0.00,0.00,0.00,0.00,0.97,0.96,2024-07-16 13:27:16,114468.17,120354.54,59.53
2024-07-16 Roux_Virgin Ti64_R01,4127.45,4127.45,0.88,264936.37,191261.06,199474.30,120.00,652.00,408.00,0.00,0.00,0.00,0.81,0.83,0.97,253.27,0.99,72.49,76.83,72.49,202.34,1.00,70.00,20.00,1.25,1.00,69.61,69.61,87.00,1.00,278.45,1.10,0.00,0.00,0.00,0.00,0.91,0.80,2024-07-16 13:27:16,199474.30,237418.12,70.52
2024-07-16 Roux_Virgin Ti64_R01,1876.79,1876.79,0.91,94304.87,60644.04,61162.95,121.00,602.00,1003.00,0.00,0.00,0.00,0.80,0.83,0.97,177.91,1.00,48.88,52.71,48.88,254.28,1.00,30.00,-55.00,1.13,1.00,49.33,49.33,55.86,1.00,197.34,1.11,0.00,0.00,0.00,0.00,0.91,0.80,2024-07-16 13:27:16,61162.95,76676.50,46.71
2024-07-16 Roux_Virgin Ti64_R01,4804.83,4804.83,0.95,294262.87,244297.79,250542.01,122.00,645.00,1757.00,0.00,0.00,0.00,0.94,0.89,1.00,264.04,1.00,78.22,80.29,78.22,219.17,1.00,15.00,-75.00,1.18,1.00,72.09,72.09,85.17,1.00,288.36,1.09,0.00,0.00,0.00,0.00,0.94,0.91,2024-07-16 13:27:16,250542.01,270959.27,76.01
2024-07-16 Roux_Virgin Ti64_R01,1919.89,1919.89,0.99,77486.53,62908.69,63281.70,123.00,602.00,1095.00,0.00,0.00,0.00,0.97,0.96,1.00,170.36,1.00,49.44,50.57,49.44,237.60,1.00,15.00,0.00,1.13,1.00,46.21,46.21,52.20,1.00,184.83,1.08,0.00,0.00,0.00,0.00,0.98,0.94,2024-07-16 13:27:16,63281.70,67723.93,48.54
2024-07-16 Roux_Virgin Ti64_R01,721.65,721.65,0.99,22793.76,14457.33,14583.31,124.00,743.00,1270.00,0.00,0.00,0.00,0.95,0.97,1.00,110.44,1.00,30.31,31.34,30.31,242.26,1.00,10.00,0.00,1.04,1.00,30.73,30.73,32.05,1.00,122.92,1.11,0.00,0.00,0.00,0.00,0.99,0.91,2024-07-16 13:27:16,14583.31,16118.52,30.22
2024-07-16 Roux_Virgin Ti64_R01,2767.68,2767.68,0.87,136051.37,102159.11,109531.12,125.00,363.00,377.00,0.00,0.00,0.00,0.86,0.91,0.99,204.95,1.00,59.36,61.66,59.36,215.73,1.00,50.00,0.00,1.23,1.00,55.74,55.74,68.69,1.00,222.98,1.09,0.00,0.00,0.00,0.00,0.95,0.89,2024-07-16 13:27:16,109531.12,122769.61,55.86
2024-07-16 Roux_Virgin Ti64_R01,5694.63,5694.63,0.98,374469.60,322196.83,323267.70,126.00,574.00,554.00,0.00,0.00,0.00,0.90,0.88,1.00,287.88,1.00,85.15,87.87,85.15,217.07,1.00,25.00,-90.00,1.21,1.00,78.12,78.12,94.33,1.00,312.49,1.09,0.00,0.00,0.00,0.00,0.94,0.88,2024-07-16 13:27:16,323267.70,355189.43,83.34
2024-07-16 Roux_Virgin Ti64_R01,2462.41,2462.41,0.98,111665.56,90763.63,91918.70,127.00,714.00,1280.00,0.00,0.00,0.00,0.96,0.93,1.00,191.31,1.00,55.99,57.03,55.99,224.39,1.00,0.00,-90.00,1.11,1.00,52.19,52.19,57.70,1.00,208.77,1.09,0.00,0.00,0.00,0.00,0.97,0.96,2024-07-16 13:27:16,91918.70,97140.39,55.86
2024-07-16 Roux_Virgin Ti64_R01,1825.17,1825.17,0.98,74274.20,58128.99,58656.95,128.00,514.00,1177.00,0.00,0.00,0.00,0.96,0.95,1.00,166.61,1.00,48.21,49.05,48.21,255.00,1.00,5.00,0.00,1.11,1.00,45.56,45.56,50.37,1.00,182.24,1.09,0.00,0.00,0.00,0.00,0.97,0.95,2024-07-16 13:27:16,58656.95,61775.20,48.54
2024-07-16 Roux_Virgin Ti64_R01,6261.68,6261.68,0.92,433167.13,362024.54,372734.70,129.00,460.00,1366.00,0.00,0.00,0.00,0.84,0.87,0.99,303.80,1.00,89.29,93.06,89.29,154.02,1.00,20.00,-50.00,1.26,1.00,82.01,82.01,103.49,1.00,328.03,1.08,0.00,0.00,0.00,0.00,0.93,0.86,2024-07-16 13:27:16,372734.70,421914.20,87.00
2024-07-16 Roux_Virgin Ti64_R01,4154.57,4154.57,0.99,221874.93,200552.50,201443.18,130.00,711.00,1473.00,0.00,0.00,0.00,0.97,0.94,1.00,244.04,1.00,72.73,73.87,72.73,220.37,1.00,5.00,0.00,1.13,1.00,65.62,65.62,74.18,1.00,262.46,1.08,0.00,0.00,0.00,0.00,0.97,0.95,2024-07-16 13:27:16,201443.18,211097.39,72.35
2024-07-16 Roux_Virgin Ti64_R01,7262.97,7262.97,0.88,619892.25,444634.32,465623.98,131.00,193.00,7.00,0.00,0.00,0.00,0.81,0.79,0.98,329.66,0.99,96.16,101.35,96.16,252.72,1.00,-85.00,0.00,1.20,1.00,92.41,92.41,110.81,1.00,369.66,1.12,0.00,0.00,0.00,0.00,0.89,0.84,2024-07-16 13:27:16,465623.98,545068.43,90.66
2024-07-16 Roux_Virgin Ti64_R01,3143.25,3143.25,0.98,156804.39,131066.78,132565.80,132.00,518.00,360.00,0.00,0.00,0.00,0.96,0.92,1.00,214.70,1.00,63.26,64.72,63.26,254.83,1.00,35.00,0.00,1.14,1.00,58.45,58.45,66.85,1.00,233.78,1.09,0.00,0.00,0.00,0.00,0.96,0.94,2024-07-16 13:27:16,132565.80,141920.25,63.19
2024-07-16 Roux_Virgin Ti64_R01,2482.88,2482.88,0.98,111665.56,91945.25,93067.57,133.00,731.00,474.00,0.00,0.00,0.00,0.96,0.94,1.00,192.08,1.00,56.23,57.29,56.23,216.07,1.00,25.00,-90.00,1.14,1.00,52.19,52.19,59.53,1.00,208.77,1.09,0.00,0.00,0.00,0.00,0.97,0.93,2024-07-16 13:27:16,93067.57,98446.03,55.86
2024-07-16 Roux_Virgin Ti64_R01,2856.14,2856.14,0.91,140503.50,109651.81,114823.93,134.00,265.00,913.00,0.00,0.00,0.00,0.89,0.91,0.99,207.00,1.00,60.30,62.27,60.30,228.88,1.00,-85.00,-45.00,1.19,1.00,56.35,56.35,66.85,1.00,225.39,1.09,0.00,0.00,0.00,0.00,0.96,0.88,2024-07-16 13:27:16,114823.93,126452.46,57.70
2024-07-16 Roux_Virgin Ti64_R01,4589.58,4589.58,1.00,259376.01,233325.00,233896.38,135.00,595.00,674.00,0.00,0.00,0.00,0.97,0.93,1.00,255.87,1.00,76.44,77.49,76.44,184.40,1.00,80.00,-90.00,1.15,1.00,69.12,69.12,79.67,1.00,276.49,1.08,0.00,0.00,0.00,0.00,0.96,0.97,2024-07-16 13:27:16,233896.38,243603.06,76.01
2024-07-16 Roux_Virgin Ti64_R01,2191.46,2191.46,0.93,95208.81,74287.07,77172.83,136.00,630.00,1181.00,0.00,0.00,0.00,0.92,0.94,1.00,181.86,1.00,52.82,54.18,52.82,168.05,1.00,-60.00,0.00,1.17,1.00,49.49,49.49,57.70,1.00,197.97,1.09,0.00,0.00,0.00,0.00,0.97,0.91,2024-07-16 13:27:16,77172.83,83297.48,52.20
2024-07-16 Roux_Virgin Ti64_R01,4169.64,4169.64,0.94,269291.17,200074.25,202540.06,137.00,482.00,1277.00,0.00,0.00,0.00,0.83,0.83,0.98,253.09,0.99,72.86,76.52,72.86,235.69,1.00,55.00,-65.00,1.19,1.00,69.99,69.99,83.34,1.00,279.97,1.11,0.00,0.00,0.00,0.00,0.91,0.77,2024-07-16 13:27:16,202540.06,234599.20,70.52
2024-07-16 Roux_Virgin Ti64_R01,2043.81,2043.81,0.99,85024.58,69047.37,69506.31,138.00,554.00,487.00,0.00,0.00,0.00,0.96,0.95,1.00,175.45,1.00,51.01,52.00,51.01,255.00,1.00,30.00,0.00,1.13,1.00,47.66,47.66,54.03,1.00,190.64,1.09,0.00,0.00,0.00,0.00,0.98,0.94,2024-07-16 13:27:16,69506.31,73609.81,50.37
2024-07-16 Roux_Virgin Ti64_R01,7090.02,7090.02,0.97,491927.08,443685.19,449091.51,139.00,571.00,1311.00,0.00,0.00,0.00,0.92,0.90,1.00,316.88,1.00,95.01,97.13,95.01,254.07,1.00,-60.00,0.00,1.19,1.00,85.56,85.56,101.65,1.00,342.24,1.08,0.00,0.00,0.00,0.00,0.95,0.90,2024-07-16 13:27:16,449091.51,479734.34,94.33
2024-07-16 Roux_Virgin Ti64_R01,4408.07,4408.07,0.87,286404.11,207232.32,220158.68,140.00,506.00,817.00,0.00,0.00,0.00,0.81,0.84,0.98,258.07,1.00,74.92,78.25,74.92,254.64,1.00,-60.00,20.00,1.22,1.00,71.44,71.44,87.00,1.00,285.77,1.11,0.00,0.00,0.00,0.00,0.91,0.76,2024-07-16 13:27:16,220158.68,250871.91,72.35
2024-07-16 Roux_Virgin Ti64_R01,2081.38,2081.38,0.98,88537.65,70412.92,71431.59,141.00,726.00,966.00,0.00,0.00,0.00,0.96,0.94,1.00,176.78,1.00,51.48,52.45,51.48,181.93,1.00,-85.00,0.00,1.12,1.00,48.31,48.31,54.03,1.00,193.23,1.09,0.00,0.00,0.00,0.00,0.97,0.93,2024-07-16 13:27:16,71431.59,75571.67,50.37
2024-07-16 Roux_Virgin Ti64_R01,1833.77,1833.77,0.95,76928.93,57502.54,59071.84,142.00,732.00,1199.00,0.00,0.00,0.00,0.94,0.93,1.00,167.69,1.00,48.32,49.55,48.32,186.94,1.00,-70.00,0.00,1.13,1.00,46.10,46.10,52.20,1.00,184.39,1.10,0.00,0.00,0.00,0.00,0.96,0.94,2024-07-16 13:27:16,59071.84,63717.67,46.71
2024-07-16 Roux_Virgin Ti64_R01,1925.64,1925.64,0.97,80216.81,62422.25,63566.27,143.00,654.00,1634.00,0.00,0.00,0.00,0.95,0.94,1.00,170.84,1.00,49.52,50.67,49.52,235.06,1.00,-85.00,0.00,1.12,1.00,46.74,46.74,52.20,1.00,186.98,1.09,0.00,0.00,0.00,0.00,0.97,0.94,2024-07-16 13:27:16,63566.27,68133.55,48.54
2024-07-16 Roux_Virgin Ti64_R01,2541.44,2541.44,0.77,143199.65,85689.74,96379.51,144.00,577.00,1807.00,0.00,0.00,0.00,0.74,0.78,0.95,205.68,1.00,56.88,61.71,56.88,214.52,1.11,-85.00,0.00,1.22,0.90,60.87,54.73,74.18,1.00,231.19,1.12,0.00,0.00,0.00,0.00,0.88,0.78,2024-07-16 13:27:16,96379.51,123073.75,50.37
